business_id,name,stars,review_count,city,state
IDtLPgUrqorrpqSLdfMhZQ,Helena Avenue Bakery,4.0,389,Santa Barbara,CA
SZU9c8V2GuREDN5KgyHFJw,Santa Barbara Shellfish Company,4.0,2404,Santa Barbara,CA
ifjluUv4VASwmFqEp8cWlQ,Marty's Pizza,4.0,64,Santa Barbara,CA
-kY_HDP7IMvGl-kBIZVU4A,Dune Coffee Roasters - Anacapa,4.0,320,Santa Barbara,CA
-ujBP1Dw0j1-Ffaz97-LXQ,Lama Dog Tap Room,4.0,238,Santa Barbara,CA
UFpCraqzFBAhtZqmxmiWsA,Cat Therapy,4.5,116,Santa Barbara,CA
Hqz96v1ymucUKNzIWfEKXw,Subway,3.0,5,Santa Barbara,CA
JWFpjvCc_nkNDVtMPx1ZGg,Bogo SB,4.5,12,Santa Barbara,CA
TZ-bgvsk189WywTLFrqfTQ,Ascending Health Juicery,4.5,7,Santa Barbara,CA
9L-MR0arflwFMF9szEBOOg,California Wine Festival,4.5,7,Santa Barbara,CA
aYMpjij5ShtEoZueMrQPRw,The Mill,4.0,5,Santa Barbara,CA
PaqDZUu76fZtMvcYqCEBig,Rincon Brewery,4.0,32,Santa Barbara,CA
GgcvRnt5_z3NEC0D6vNncQ,Cafe Buenos Aires,3.5,56,Santa Barbara,CA
N-CBZKO37y_WSUN7ZMNGkg,Taqueria El Pastorcito,4.0,66,Santa Barbara,CA
nTZuJSfwCoNOyA1yS3rbOQ,The Silver Bough,4.5,7,Santa Barbara,CA
oXP5aohLv5e7R4eahaGXkQ,B and D's Curbside Grill,3.5,6,Santa Barbara,CA
lTVHJAvtFQbQb6cPstEXyA,China Bowl & State Street Cafe,2.0,61,Santa Barbara,CA
Ey0t4U6yqtxCeMaGPf7GcA,Brummis - the German Taste,4.5,111,Santa Barbara,CA
qdpdUjdkEUpzYDdce2yZng,Plaza Deli,4.0,188,Santa Barbara,CA
bjhCtlYHrkgA5Ku8l-rB3g,Our Daily Bread,3.5,106,Santa Barbara,CA
pUVRCYL8rT4I5Ry5FYkRsA,Topa Topa Brewing Company,4.5,105,Santa Barbara,CA
1mqNI-eS2fnQv9kQn5yB4A,Vera Kong Piano Studio,5.0,10,Santa Barbara,CA
j-lxie7nEh3UeUTpiqekkQ,Presto Pasta,3.0,8,Santa Barbara,CA
MAIfD4kJDCydgoD1l2b_vw,Corks n' Crowns,4.0,276,Santa Barbara,CA
jW4a3W9-UkFxpglHvo_Kqg,Meun Fan Thai Cafe,4.0,195,Santa Barbara,CA
3RtMd3VZ21WL5auDr6Jp9A,Cafe Zoma,4.0,27,Santa Barbara,CA
q6661I3CGW0UB740E5Zjfw,India House,2.0,136,Santa Barbara,CA
a1E2BPYnufFzb6YX2pplJg,Wahoo's Fish Tacos,3.5,62,Santa Barbara,CA
YB689VFiOlzUTBRPiauDFA,Terraza Cafe,3.0,17,Santa Barbara,CA
sxuv5uZU15UHGT_HB1xYxQ,Islands Restaurant,3.5,197,Santa Barbara,CA
Qi-A4ZgcEuSnq_8Fpfo_3Q,Our Lady of Guadalupe Mercado,4.5,8,Santa Barbara,CA
HQ-C47_Xi5it1KzwEc0u0A,Barbarians,3.0,96,Santa Barbara,CA
q75UQjNm6AEK4XNnkDLxTQ,The Project -- Corazón Cocina & Taproom,4.0,162,Santa Barbara,CA
Dp9Jxlocw7cnos9fE7HKIQ,Jack's Bistro & Bagels,3.5,9,Santa Barbara,CA
FDTwPQ4CNWEOY0rfh4eTzQ,ParadICE Hawaiian Shave Ice & Ice Cream,5.0,192,Santa Barbara,CA
wuzoQhym6ll3fjAiVgIJbw,Good Cup,3.5,109,Santa Barbara,CA
iHdrLu8deF5GceB0V1rPhA,Oliver's,4.5,313,Santa Barbara,CA
SaUbh0sMSev8gKNJYtC76g,Hob Nob,3.0,23,Santa Barbara,CA
Nv6ruFQa6AG6g8f-_IxFCw,Alito’s,4.0,18,Santa Barbara,CA
PPcz-0UtIJ8O7xDT551y2g,Intermezzo By Wine Cask,4.5,141,Santa Barbara,CA
2bl6G1zgXUHbMGwEocqMSg,Daves Dogs - Cart,5.0,156,Santa Barbara,CA
9JR9Ht6IX1r2jPPG689JyA,Subway,2.5,18,Santa Barbara,CA
zbrIMldF_O1ZQ0vpUaaa8A,Bluewater Grill - Santa Barbara,4.0,768,Santa Barbara,CA
29YqJwOGEuAWqlHZxMc1OA,Paradise Cafe,3.5,290,Santa Barbara,CA
HFhjwiTaIzXrKCPiN5EXmw,Trader Joe's,4.0,37,Santa Barbara,CA
KiE0h68HGOO7ZXAqkMBdiw,Starbucks,2.5,35,Santa Barbara,CA
fLk_N8vU25DNZmbU-70gkw,Chipotle Mexican Grill,3.5,57,Santa Barbara,CA
-Fka99c-tJ-epWYNIobqyQ,Pizza Mizza,3.5,169,Santa Barbara,CA
ycbmvmBYk4w_ZmdrPL0tBQ,The Cruisery,4.0,362,Santa Barbara,CA
XwnkfMUiyH-OsJXbmbOK5g,Sushi Tyme,3.5,155,Santa Barbara,CA
0qu0fNTOsSmuREYVIMPuIQ,Cold Spring Tavern,4.5,1018,Santa Barbara,CA
uO39--k_hrCFgZh-Bl8m8A,Taqueria Cuernavaca,4.5,409,Santa Barbara,CA
lq7dE9c10OvRfd_edJoyMg,Due Lune Cucina,4.0,79,Santa Barbara,CA
fnGZspqyamRremXor0sAyg,Frog Bar & Grill,4.0,16,Santa Barbara,CA
3-dQbvti2EpSfs9jKcyIjQ,State & A Bar and Grill,3.0,31,Santa Barbara,CA
D1OT9vuepvXJrn5VDgm4YA,Santa Barbara Certified Farmers Market,4.5,113,Santa Barbara,CA
cVW9b_1bqsvTU1jhGNWUsw,Yoshinoya,3.0,9,Santa Barbara,CA
wFES5bGDiPANW13hNHnXOQ,Sakana Sushi Bar & Japanese,4.0,374,Santa Barbara,CA
tOd6MX3hSuMyQxMK3ZKBTQ,Lucky Taxi & Limousine,4.5,7,Santa Barbara,CA
Ea2N2vZirKywxylvVo9Xpg,Saturday Fishermen's Market,5.0,9,Santa Barbara,CA
MbzgGsMQpGyVrUJXi_Jw0Q,Dawn Patrol,4.0,807,Santa Barbara,CA
O6RCCmz8-x4NhWJpI8KQug,Breakfast Culture Club,4.0,108,Santa Barbara,CA
eL4lyE7LNoXEMvpcJ8WNVw,Deep Sea Tasting Room,4.0,472,Santa Barbara,CA
ygZyTUWS4dbVL8d6vAiN4A,Taqueria Rincon Alteno,4.0,68,Santa Barbara,CA
34Eqv8jXgxg_EEwcsNgeeg,Backyard Bowls,4.0,659,Santa Barbara,CA
kZtl_NJjUnlIQgzFrBhXyQ,Ichiban,3.5,227,Santa Barbara,CA
zE8kXF0_2Twh4AhcewlFGw,Tsukemono,4.0,16,Santa Barbara,CA
-3AooxIkg38UyUdlz5oXdw,Chase Restaurant,3.0,436,Santa Barbara,CA
HMkjv277ZaW_2tZelEn6LQ,Wine Edventures,5.0,165,Santa Barbara,CA
T2otvNcawDSkhykOG2tOLA,IHOP,2.5,113,Santa Barbara,CA
13UbOVDFdxloxaient5XWA,Jump On The School Bus,5.0,175,Santa Barbara,CA
k3lTRgvPvYUI-cX7_TAqNA,University Club of Santa Barbara,5.0,76,Santa Barbara,CA
1wvYBjX6radqmb_k0Fv_Ug,Palihouse Santa Barbara,4.0,7,Santa Barbara,CA
IUgQmteI-mbt_qjL2ZENKA,Epiphany Restaurant,3.5,29,Santa Barbara,CA
vsrryxBR2Jykl71qa1H6SQ,Caffe Primo,4.0,114,Santa Barbara,CA
7IdIGemGZodDAA_9mJCigA,Farmer Boy,4.0,255,Santa Barbara,CA
xIGiif0TmmmGuV2-sidMSw,La Bella Rosa Bakery Cafe,3.0,46,Santa Barbara,CA
syuKX2pH3JJhOOppzNI6SA,Yoichi's,4.5,184,Santa Barbara,CA
pwblP3G6LkVT03I4z9kb0A,Mad Dogs,3.0,67,Santa Barbara,CA
BdyPaxmB3O9Ngp9W09GrjA,TonyRay's Restaurant & Cantina,4.0,8,Santa Barbara,CA
ZCURd9PiH4qdEjQfrIZzFg,Maggie's at State and A,3.5,52,Santa Barbara,CA
qyS7KHJNRR_1x-zIhDScBA,J Wilkes Wines,4.5,74,Santa Barbara,CA
CWdCNIJU4Kh480NV9dgQjw,Third Window Brewing,4.5,183,Santa Barbara,CA
W5-2F8kftKARrEPLhQaZ8A,Tuttini,3.5,13,Santa Barbara,CA
I0jFTYVDs-WHwKR2XHQlRA,Zen Yai Thai Cuisine,4.0,347,Santa Barbara,CA
4g7eZD8PYvUEwROZeXxA-w,Salas Mobile Mechanic,5.0,41,Santa Barbara,CA
rxH22mT81ht_n3cGTbWi4A,Beans BBQ and Catering,5.0,13,Santa Barbara,CA
n6reYUBVF9buglcojgB0FQ,Harbor Market & Deli,2.0,6,Santa Barbara,CA
gebiRewfieSdtt17PTW6Zg,Hibachi Steak House & Sushi Bar,3.5,488,Santa Barbara,CA
zu4p6IZLSVn2Noto-vcwzw,East Beach Grill,3.5,169,Santa Barbara,CA
jLn69WQupjsDKrbPw_nlGQ,Yogurtland Santa Barbara,4.0,125,Santa Barbara,CA
dv6tq79a0PhoFphStXkqcQ,Jamba Juice,3.0,15,Santa Barbara,CA
6VVbLYay8czrjKJ4xRoTxQ,Judge For Yourself Cafe,4.5,110,Santa Barbara,CA
8-ZExybRuyyXZf6aESgc3g,Paseo Nuevo Shopping Center,4.0,125,Santa Barbara,CA
4KAuy-zNBxD9QvnkldwEww,The Marquee,4.0,45,Santa Barbara,CA
jZncFsMQdrq268OHq_Q6uw,Super Cuca's Taqueria,4.0,108,Santa Barbara,CA
R93mEcQ1pjq7q3LzShi3ow,"Villa Craft Beer, Wine & Kitchen",5.0,77,Santa Barbara,CA
NIQWO-Q_F598XlAvZnFVCA,Eureka!,4.0,961,Santa Barbara,CA
BEzvmorW8ILha6tcSxBBwA,Valentino's Take N Bake Pizza,4.5,69,Santa Barbara,CA
iiJE62zfvy2gYtD-77Av8w,Woolfolk's Refinishing,4.5,5,Santa Barbara,CA
6cnHwjHLcAtIuMN0C6Kpbw,Buckles 'N' Brews Invitational,4.5,10,Santa Barbara,CA
92NfqTHsKn_BRqCBV4phrg,Santa Barbara Gymnastics Club LLC,3.0,13,Santa Barbara,CA
VOhZZ_8YhJ1mw8zmuw4k-w,Magnolia Liquors,2.5,7,Santa Barbara,CA
vh229jJXjCCdO-b4K-JIIw,Cottonwood Canyon,4.5,25,Santa Barbara,CA
eukRpR47MDH4XXfU_Dul9Q,Madam Lu,3.5,136,Santa Barbara,CA
4_JJl_mlIEI9Ui9rOHHwMA,Wine & Horse Tours,3.5,7,Santa Barbara,CA
6afesz8yZhjOgijkWl4jig,The Coffee Bean & Tea Leaf,3.5,77,Santa Barbara,CA
TUtf4FLtotdQDleYpRIfnw,California Pizza Kitchen at Santa Barbara,3.0,193,Santa Barbara,CA
h7felG8kSEuYpkYBhMwCmA,Q's Billiard Club & Sushi-a-go-go,3.5,28,Santa Barbara,CA
DEegOHB-VnPXsptrCf3qMA,Mac's Grog N Groc,4.0,5,Santa Barbara,CA
-fxH1XplVLVtWg2ZJWwRdA,Sam's To Go,4.5,87,Santa Barbara,CA
oq4-qHT6EJeR81GBDq1OVg,Italian Grocery & Deli,4.0,47,Santa Barbara,CA
AV40aCwMnAeMRJRdt2pFGA,Gracie Barra Brazilian Jiu-Jitsu,5.0,21,Santa Barbara,CA
6HKIfenWg3zt2CYx4D5r_Q,Tepeyac Taquitos,3.5,6,Santa Barbara,CA
Js3m_GdqNUGnEgXJ8WMtfQ,Hana Kitchen,3.0,253,Santa Barbara,CA
jshnKTsnoXLSez5XD1qo7Q,McDonald's,2.5,56,Santa Barbara,CA
EtGFDdjui_Hww78JU4XoXg,7-Eleven,3.0,6,Santa Barbara,CA
GBD-YjcOD1nG0wv4L0Lvfg,Venus in Furs,5.0,24,Santa Barbara,CA
ntQxbe5eaSJ2zW3jFU9j2Q,Coastal Winery,3.5,6,Santa Barbara,CA
GmOfZHgU9fm75f1nmVZnNA,The Point Market,3.5,7,Santa Barbara,CA
jR3sTUWCPuOCWpdm8Pn-wQ,Sun Sushi,4.5,270,Santa Barbara,CA
1pd4VYTww1UWDVai2r2RKg,805 Boba,3.0,248,Santa Barbara,CA
tS47dXDlx9t-6B_F56cKUA,Chipotle Mexican Grill,2.0,97,Santa Barbara,CA
0jpFptAehZhLl3nkhHDanA,Belmond El Encanto,4.0,331,Santa Barbara,CA
3lty2YUwjp61iUqNgKVEMw,Marmalade Cafe,3.5,175,Santa Barbara,CA
_uAEKIr-7CIkaYWvG2U_NQ,Instrumental Music,4.5,23,Santa Barbara,CA
-TArOdux8Z4oH-jIM1FJuQ,Bistro 1111,3.5,63,Santa Barbara,CA
_dNk5IpkVVyN2nWMXTA2eA,Laplace Wine Bar & Shop,4.5,17,Santa Barbara,CA
c1xuic_qvUfSIr-if6nSUQ,Relais de Paris,4.0,135,Santa Barbara,CA
XHxAIQR-QAz6j1RMaz_J1A,Giovanni's of Santa Barbara,3.5,131,Santa Barbara,CA
nMn4CTJQPXqpgLltYQrxMA,Cajé Coffee Roasters - Haley St,4.5,240,Santa Barbara,CA
9YFeX5sbn785n31iR3I77Q,Happy Cow Cookies,5.0,10,Santa Barbara,CA
Ksz_jsyyK3Zjlq_Cz81ZBA,Adama Vegan Comfort Cuisine,4.0,238,Santa Barbara,CA
ejqpFQ0dwO7AZhxTO9fySg,Bossie's Kitchen,4.5,140,Santa Barbara,CA
ghLjxj4HoSHdflBEz2lIqA,Gelson's,3.5,110,Santa Barbara,CA
5lGOPqwxBNR9hfA9mFr2vA,Mac N Cheese After Dark,4.5,140,Santa Barbara,CA
V8dZigOlI5fjpRxgOWwY3g,Santa Barbara Backroads Wine Tours,4.5,36,Santa Barbara,CA
idi-W3_au-lXyJQmHTmhAg,Chilangos,3.5,5,Santa Barbara,CA
MG0IlmvAILSzRE4E1gk5hA,Tacos El Rey,4.5,66,Santa Barbara,CA
gaNQrd95h2-4TZaUDPTAIQ,Rooted Vine Tours,5.0,45,Santa Barbara,CA
6gAZriMqRfI0d4hse5o1Yg,Sol Wave Water,4.5,28,Santa Barbara,CA
C-aATB7SbuwMBPN5dgjghQ,Rusty's Pizza Parlor,3.0,127,Santa Barbara,CA
EtM079Cj7-B3G7jPsGYb_Q,Sandbar,3.5,1546,Santa Barbara,CA
RW3nH6Au6pSCWxJhiGY03Q,Big Eye Raw Bar,4.0,106,Santa Barbara,CA
jfRq1KtjEGyPoMo9HZVw2Q,The Set,3.5,32,Santa Barbara,CA
e8NRt-1C8eI85C59pKhJuA,Caffe Luxxe,3.5,50,Santa Barbara,CA
23OxrUaCvvVrwSa1z3xG-w,Recipes Bakery & Gifts: An Australian Coffee House,4.5,128,Santa Barbara,CA
dH25EekV4GqpcfH3zE5k2g,La Tour Wine Merchants,5.0,11,Santa Barbara,CA
Slg6Ec2D7vEBRmgVUfwkzQ,Angel Oak,4.0,202,Santa Barbara,CA
fiXeirZ9GpJxe7yRpuKiBg,Soul Cal Smokehouse,3.5,97,Santa Barbara,CA
f6eBJT2jiXXBkrlHdJMbcA,Gladden and Sons Produce,4.5,40,Santa Barbara,CA
d9Vnq4kSgwD-uytxz5wViA,"Laurie Rasmussen, Harpist",5.0,5,Santa Barbara,CA
VC4jqq8Hu1_RjBFt8nHD2Q,Sugar Cat Studio,5.0,19,Santa Barbara,CA
RtJC7xavgAxOITQyAlGCbQ,Tri-County Produce Co,4.0,95,Santa Barbara,CA
_ywevgEtI1SpZBtY3rILRg,Isabella Gourmet Foods,4.5,17,Santa Barbara,CA
1xsBRB203LiYLcC3mktfdA,Kunin Wines,4.0,168,Santa Barbara,CA
OHG0Lj5xgw5Q3UCQJ_4_jw,Santa Barbara Ice & Propane,4.0,13,Santa Barbara,CA
ZmQHzv1pf0fbk-tm8lu0EA,Downey's,4.5,124,Santa Barbara,CA
1pYZMmpdy2MviWBbagMwbA,Italian & Greek Delicatessen,4.5,6,Santa Barbara,CA
6HTGlttrzCMsuGBHO1ZGiw,Barbareño,4.5,405,Santa Barbara,CA
mZ-pJSdAVrBa7ioXVzE7-Q,Marbella,3.5,22,Santa Barbara,CA
B3kpvT4oLJdQmU9lPnxdKA,Eladio's Restaurant,3.5,265,Santa Barbara,CA
HUGDGGMCUYBAMtUpJohTqQ,Santa Barbara Classic Wine Tours,5.0,52,Santa Barbara,CA
jfW3_wYOj09pCOHJQB74_w,AR Catering,5.0,5,Santa Barbara,CA
52ov7d0148JvYG78_c-Bsw,goa taco,4.0,231,Santa Barbara,CA
BaWVwChTW_MqkKru_WZp3g,Super Cuca's Restaurant,4.0,276,Santa Barbara,CA
tSmUxIto8yAqijDgsjLBRQ,South Coast Deli - Santa Barbara,4.0,10,Santa Barbara,CA
j8tjQlMu3I-qia241vTEXw,O Street Truck,4.0,27,Santa Barbara,CA
lu2UpRHLBZfvLG_caNEHKQ,The Natural Cafe,4.0,566,Santa Barbara,CA
cEN8j6jL0OJ0zhe-AX58Hw,McConnell's Fine Ice Creams,4.5,156,Santa Barbara,CA
PWWGbkPC_agn-4s1Hv1W5A,Handlebar Coffee Roasters,4.5,1048,Santa Barbara,CA
gsXBNWHWhHv_f9NcwpVajw,Lighthouse Coffee,4.5,29,Santa Barbara,CA
pQ7eCSOtLI3CaZX-TEvX4A,Whale Tail Deli,4.0,5,Santa Barbara,CA
qS7uSZdQ3f0HqYSSaiYQ3A,7-Eleven,2.0,10,Santa Barbara,CA
12Gc4OFQ-WAW0fAk2hRZuQ,Kin Bakeshop,5.0,25,Santa Barbara,CA
agXY9uFaWAhIzwWsRZB6gQ,Flagstone Pantry,4.5,26,Santa Barbara,CA
pqF3WkYktbR28uk2PSR7Rg,The Neighborhood Bar,4.0,240,Santa Barbara,CA
rlfWeYI1SLvC8ZKM_OvXWA,A Slice of Woodstock's,4.0,10,Santa Barbara,CA
7kLn2XsFwyJ-yFn4qx40TQ,Buena Onda at Mosaic Locale,4.5,35,Santa Barbara,CA
68hzATbPYhATdzuNeqW4aw,The Winehound,4.0,11,Santa Barbara,CA
6RBZfirnzE4NahJTn1UPNA,La Super-Rica Taqueria,4.0,1759,Santa Barbara,CA
aIDRH4eKKBV0Je_W4y83sw,Nutrishop,4.5,48,Santa Barbara,CA
1U8Kt44FIkC7RnJsNjaMTA,Teru Japanese Cuisine,4.5,34,Santa Barbara,CA
p2kC-cD22QAQzIGD8ZuqFA,Peet's Coffee,4.0,73,Santa Barbara,CA
a32M9H9nkkPGKTKB5W27NA,Enterprise Fish,3.5,1094,Santa Barbara,CA
_o3AtnA941ClNRa8Rx7c-A,Rite Aid,1.5,31,Santa Barbara,CA
dQ6d9H7rnFSOSC_FXbJ_FQ,Blenders In the Grass,4.0,50,Santa Barbara,CA
vTXNVK73GOvVb3js4w8SLg,Domino's Pizza,2.5,39,Santa Barbara,CA
7grEnJV48N6BxbEP3uxISA,Mr B Restaurant & Cafe,4.0,21,Santa Barbara,CA
S7Cl9gYqaC9jlw32yd4_Yg,Starbucks,3.0,50,Santa Barbara,CA
yHtS6dj20tl3ht32w6K6Qw,Stateside Restaurant & Lounge,2.5,10,Santa Barbara,CA
gdEZfd6RFXYmmXX71RDvbA,C'est Cheese,4.5,272,Santa Barbara,CA
L8rhRyXtpq2nCE0il1KN_g,Coral Tree Cafe,3.0,28,Santa Barbara,CA
sZHLbLnw1vwHF1xDzuV1iw,Foley Food and Wine Society Tasting Room,4.5,11,Santa Barbara,CA
eFn-8QlFGdkT_B-bWigtFQ,Rose Cafe,4.0,115,Santa Barbara,CA
zMBRkUqig4kXaqS78DEb1A,The Fresh Market,4.0,44,Santa Barbara,CA
4xBkP-W_WaOzBiP8yD7yvg,The Nugget Bar and Grill,4.0,54,Santa Barbara,CA
E8tiSAB6O4TPeVdKR0K5Ug,Rusty's Pizza Parlor,3.0,89,Santa Barbara,CA
lqwbnNd_SXzkIK_pkU2FkA,D'Vine,4.0,26,Santa Barbara,CA
M3LZKA-tVFRJyPeKA3_2OA,Merci To Go,4.5,9,Santa Barbara,CA
CUWituEeIX3xA0xU7X82Ow,Brasil Arts Cafe,4.0,360,Santa Barbara,CA
AgiBcv5rKdV9QIO5yF7w8g,Harbor of Santa Barbara Inc,3.5,5,Santa Barbara,CA
6acxMT_WGbA-cUN5RXpIfw,Momma Donna,5.0,16,Santa Barbara,CA
WgOoT_oNQ6o5xjF8jO2rvA,Crazy Good Bread,4.0,9,Santa Barbara,CA
w1l5vu31SJgPLTp6nlLWEg,Le Petit Bistro,2.0,7,Santa Barbara,CA
QS0a4snAEc-zdLeLIgTaHg,Delicious Expressions,5.0,57,Santa Barbara,CA
E1R-xslwl7XeTN5lQ7mWPg,Little Kitchen,4.5,272,Santa Barbara,CA
RHgj2ssSXnS0VA7DRvKomg,Sage & Onion,4.0,7,Santa Barbara,CA
YGgGefpPTFhgthvQvMAGoQ,Lito's Take  Out,4.0,286,Santa Barbara,CA
2pBNVsJo3a3CPbInUu9lvQ,Char West,3.0,134,Santa Barbara,CA
3bZADX_g9efvqGXaAY7Kbg,Petros Restaurant,4.0,188,Santa Barbara,CA
z6I4QVP1M1HXETgwD92XHg,Olio E Limone Ristorante,4.0,488,Santa Barbara,CA
XkveGZ8pr9TL5bZCqmzuhA,Hustle & Grind Coffee Company,4.5,50,Santa Barbara,CA
ZYqNIWch6Ik9wLZCa1hxkw,Tacos Pipeye,4.5,171,Santa Barbara,CA
Ce6B2-CYAjGvRZe3GKyxYA,Rusty's Pizza Parlor,3.0,124,Santa Barbara,CA
MX2YGruhd0sMNHZGK7p5-Q,Bella Vista,4.0,261,Santa Barbara,CA
-loV4cB2Uh9TCltTRgGzWQ,Renaud's Patisserie & Bistro,4.0,379,Santa Barbara,CA
4uspKB1d3pGdgjOClA-UkQ,Cajun Kitchen Cafe,4.0,234,Santa Barbara,CA
IQPsL4ZKgYpvuN0BJn_yhQ,Mundos,4.5,63,Santa Barbara,CA
YzcchXErwyb_8FL6bVPwEA,Peabody's,3.5,25,Santa Barbara,CA
mPKqBWLSD8wxJLJ_4juY2w,Chocolate Maya,4.5,159,Santa Barbara,CA
nnn78cplvQGZSMVblpI5gQ,Mandarin Palace,3.0,229,Santa Barbara,CA
tnoUVvJZRPcawXl2gTlWpQ,Jaffurs Wine Cellars,4.5,68,Santa Barbara,CA
PT99vOEnfEwfOly9YoWvXg,Christine Dahl,5.0,56,Santa Barbara,CA
okc-iCgWvKGa1DfQSOh1Ig,Milpas Taqueria,4.0,10,Santa Barbara,CA
FSWJmMXXKAXdL6mrc-DzBQ,Nordstrom Ebar Artisan Coffee,4.5,21,Santa Barbara,CA
tGQytMbOXDdZS_OSK9hkBw,Louie's California Bistro,4.0,149,Santa Barbara,CA
WWVw3g_n2ik8yp1Xlh3qEQ,Mi Fiesta Liquor,3.5,6,Santa Barbara,CA
XSL9RuLwRTyhNUwUo7WAPw,Starbucks,2.0,18,Santa Barbara,CA
H4Zf42Q3I8JyQ-V5l4dJrg,Blush Lounge,3.5,450,Santa Barbara,CA
UAy8Qc_T0CuHxQRiUMNN4g,La Salsa,3.5,24,Santa Barbara,CA
RKuAfE06rDcetvOTI5MbbA,Taqueria El Buen Gusto,4.5,88,Santa Barbara,CA
gMyj3DKvZJrMzuXv1p64GA,De La Vina Liquor,3.0,5,Santa Barbara,CA
upxQiiUF-6NM9jOJCxS_hg,Hennings Cake Boutique,4.0,8,Santa Barbara,CA
jZAU0OShjmcxIhkruFlZng,Coast Restaurant & Bar,3.5,55,Santa Barbara,CA
Ch6O9z9_hHDACROLTr2JUQ,European Deli Market,4.5,45,Santa Barbara,CA
2QvkOHC-pWGiAmvQ9xX64Q,Nardonne's La Famiglia Pizzeria,4.5,92,Santa Barbara,CA
-8iATYRnN46Km0_-ldx6cg,Pace food+drink,4.0,162,Santa Barbara,CA
UDZxN93l5_ggUFeF0EEcYg,CVS Pharmacy,3.0,7,Santa Barbara,CA
AqOSpSqdocwtIjqTECW2ng,Broad Street Oyster Company,5.0,5,Santa Barbara,CA
FE5R_F7svUphKeUWuxA0JA,Del Pueblo Cafe,4.0,206,Santa Barbara,CA
yZPDj1vywxqvLp3ogdh-Iw,Street Affair,5.0,12,Santa Barbara,CA
WQnjp_CEYTYKBBKJDME0bQ,Vons,2.5,24,Santa Barbara,CA
LtxG9DTXCFpteVkD4SGBlw,Sevtap Winery Tasting Room,4.0,307,Santa Barbara,CA
KobS8yqBelXH11gaIhZJSg,The Endless Summer Bar Cafe,3.5,258,Santa Barbara,CA
OODq_Mki-e929E8NfPc7-Q,Whitefoot Meat Market,4.5,8,Santa Barbara,CA
zJpZ-uQ_F0XVgK1u98uWSg,Gloria's Gourmet Kitchen,4.5,13,Santa Barbara,CA
O3jPfTDRn5_1O3ZM_LuxQw,Margerum Wine Company,4.5,139,Santa Barbara,CA
apmw_lkLdwWbeYiI9ysdJg,Bar 29,4.5,106,Santa Barbara,CA
VgAKmXE8B7J0I_O_R13UKQ,Santa Barbara Roasting Company,4.0,511,Santa Barbara,CA
07yUvKzFb-yPzJKoT0zamQ,Piranha Restaurant & Sushi Bar,3.0,6,Santa Barbara,CA
D_PdJRvtr_syv1DtLIoM0g,See's Candies,4.0,12,Santa Barbara,CA
yw3vRR7XLIjEnlhMnVzR7w,Kai Sushi Shabu-Shabu,2.5,240,Santa Barbara,CA
rlh6-MqKplp6DE42aRuS6w,Viva Oliva,5.0,20,Santa Barbara,CA
XyYsl2OyoMi6OMvzsdcVoQ,MIZZA,4.0,380,Santa Barbara,CA
JZrspVMm79n_iHTYftkI0g,La Tapatia Bakery,4.0,56,Santa Barbara,CA
ZJ1rSNQ49v3nbG5qWgwojw,Mexican Fresh,3.5,46,Santa Barbara,CA
RDjtVGc0c04ZIR6em1hCbQ,Nicky D's Wood fired Pizza,4.0,117,Santa Barbara,CA
qx2YTFXfVDwQUfOeWCFfbw,Jersey Mike's Subs,3.0,43,Santa Barbara,CA
TvBxBjed-iX6_22SwEYEFQ,Santa Barbara Wine Country Tours,5.0,23,Santa Barbara,CA
vhWlxyLEWAbNOMtQ42yzFg,Norton's Pastrami & Deli,4.5,492,Santa Barbara,CA
c_a38vt6v2tRq-VjdTZHZw,The Monarch,4.0,53,Santa Barbara,CA
ANMHEMoZqxjn7qjaNmYIrg,Albertsons,3.0,16,Santa Barbara,CA
noiUCN8A9Vdm9pUbWX6K-w,Tydes Restaurant,4.0,56,Santa Barbara,CA
PHSda9zEwtFicCICD6TP1A,Luna Grill,4.0,225,Santa Barbara,CA
iAE5tMDs1XSudlEzG-Z3aA,Spice Avenue,3.5,133,Santa Barbara,CA
DV0BJwh9qzPqcxufrA_7ag,Sam's to Go - Milpas,3.0,33,Santa Barbara,CA
cNvCXy9SaWjIQNEh3bc3gQ,Rite Aid,2.0,36,Santa Barbara,CA
YXaCcpETNtxrNNK6TbUTlw,Sachi Ramen And Robata Bar,4.0,324,Santa Barbara,CA
UBK6zb5-XUETfVzYkRTj1Q,Lab Social,4.5,40,Santa Barbara,CA
LdXB3D3gl3ckxZutLmen1g,Miso Hungry,4.0,274,Santa Barbara,CA
Un-UDVOuv1co3TMmGaumxA,Shoreline Beach Cafe,4.0,534,Santa Barbara,CA
2nF2syYoD5VBFk01le6NkA,Montecito Deli & Catering,4.5,31,Santa Barbara,CA
qUZ6PIkYCAsR8WPiHe16pw,Savor Santa Barbara Food Tours,5.0,20,Santa Barbara,CA
MsqmvxOvkOnofmLlFM1iHg,Market Forays,4.5,8,Santa Barbara,CA
OygPSSuDpubinWKKXWVKKA,Wine & Food Experience - Santa Barbara,5.0,6,Santa Barbara,CA
VUeRlNoPfxywzNxWHU2Tig,Target,3.0,50,Santa Barbara,CA
z9-8KvMAlVK46De-G3sNJQ,Blenders In The Grass,4.0,239,Santa Barbara,CA
2OJqIloZMAZXCW3uzF8jJw,El Sitio,4.0,37,Santa Barbara,CA
i3pBufSYEgx3_nLxxRrtGg,Maeda Restaurant,3.5,6,Santa Barbara,CA
W7gSJz80DywKnPRIGjA2Bw,Derf's Cafe,3.5,126,Santa Barbara,CA
V2cQOeZwPBmjpln6_p1Ygw,Stearns Wharf,4.0,297,Santa Barbara,CA
P3cXIii05nXGTvwW0Zws6Q,Jensen Guitar & Music Co.,4.0,18,Santa Barbara,CA
ZJrGrghbNx4WTPb5cL2GFw,See's Candies,3.0,11,Santa Barbara,CA
oJwMmSZKJOnMboZ_z67MZw,Revolver,4.5,93,Santa Barbara,CA
z64NmuzWMMmJty6gE_3nWQ,Vons,2.5,24,Santa Barbara,CA
ERzIS-WRLw-80_B4yqcG3Q,Chuck's of Hawaii,3.5,260,Santa Barbara,CA
IZZ7J14VnJGyUqYH1tgT6w,Satellite,4.5,159,Santa Barbara,CA
U3grYFIeu6RgAAQgdriHww,Brophy Bros - Santa Barbara,4.0,2940,Santa Barbara,CA
-veGIq3SvwFMi5ZwMSIqkg,Red Sand Market and Deli,4.5,11,Santa Barbara,CA
kxxexMsFL4xJLIafhXXFlw,Esau's Cafe,4.0,160,Santa Barbara,CA
NWwVZnCb8-Oh9QWWAb2T2Q,Somerset,3.5,100,Santa Barbara,CA
oJsuZohTOk7oTiA7K3aqRw,Mi Fiesta Market 4,3.0,7,Santa Barbara,CA
q36uZc2hQml10YGHazJaoQ,Secret Bao,4.5,145,Santa Barbara,CA
nYPzsOjvida-ne7swSPHpA,Santo Mezcal,4.5,990,Santa Barbara,CA
MmN1qpG224QxOeq72DpN2g,Aldo's Italian Restaurant,3.0,311,Santa Barbara,CA
9ugpNKKhnYRa51qXoxUw_A,Lilly's Tacos,4.5,1219,Santa Barbara,CA
NMnn6FJkW802ldqdgScVxQ,Las Aves Cafe,3.5,39,Santa Barbara,CA
e63pcbZaXxSY_YyhBol-bw,The Roundhouse,2.5,22,Santa Barbara,CA
cAbdvzqtFLaAAMFIyPf2AA,Holdren's Steaks & Seafood,4.0,544,Santa Barbara,CA
IXQH9-nnTWZFgBF0V3MH-A,Cali-Forno Pizzeria,4.0,16,Santa Barbara,CA
_l05Dd6BKBAiJKX71bLq6g,Open Cup Coffee & Tea,4.0,11,Santa Barbara,CA
iIwnJPJJMVExGDwRE3UhUw,Williams-Sonoma,3.0,30,Santa Barbara,CA
u3uB0GD7cVf5NC-AFHdwnQ,Golden Line Coffee Bar,5.0,10,Santa Barbara,CA
IG-CwPl5mb6-hmpFjXUIvA,Choppa Poke,4.0,52,Santa Barbara,CA
5vIfUavd23X3lBzjnnc4QA,Winchell's Donuts,3.0,21,Santa Barbara,CA
v4AMcIZ--hXZuJIg3luUgg,Tamira,4.5,778,Santa Barbara,CA
-r6nmLB5Vi2TLQCxh0_dtw,South Coast Deli- Carrillo,4.0,215,Santa Barbara,CA
Hj44PIrCtv61ETVclzLMwg,Jeannine's American Bakery Restaurant,4.0,380,Santa Barbara,CA
NTWeW_PgQjIZ38h8St7mCQ,Posies & Sugar,5.0,14,Santa Barbara,CA
ng12rnK6ZGFddlC15c6Pqg,Haggen Food & Pharmacy,1.5,9,Santa Barbara,CA
Qy6PgrvD6iYOtkd56ldTXQ,East Beach Wine Co,3.0,18,Santa Barbara,CA
i22asj2c65z6KDR5ochvXQ,BranchOut,5.0,12,Santa Barbara,CA
LgSEHsI9DKyeGVGtn61tEg,Ana's Taco Bar,3.0,85,Santa Barbara,CA
mAqgsZBTN-wsShMpkz2o9g,Cantwell's Market & Deli,3.0,142,Santa Barbara,CA
sor6oj-nuslOcSx7di4urA,Santa Barbara Fish Market,4.0,327,Santa Barbara,CA
WuaB_R6EOFp0S8D5C8eKYw,Sublime,2.5,9,Santa Barbara,CA
U2hkeMI-q4cS35QolJYN0A,Arigato Sushi,4.0,980,Santa Barbara,CA
b2Za53CjptGyf9K0fFnrAg,Petrini's Italian Restaurant - Santa Barbara,4.0,233,Santa Barbara,CA
UCf1qieF9Lss61Te-Qnacg,Sushi Cafe,3.0,10,Santa Barbara,CA
L9QTAucz_in5f-ufCrvb1Q,Live Culture,3.5,43,Santa Barbara,CA
iaLaRfHUysXkKd1iNCTWbw,Cebada Wine,4.5,67,Santa Barbara,CA
Aj44kUBmEfJlUsGCvKJKtw,Starbucks,3.0,21,Santa Barbara,CA
zVxDd79gdZcfz-O14QBCrA,Snack Shack,3.5,12,Santa Barbara,CA
H5bsmYmdO3FBVQHC3jfx2g,John Dunn Gourmet Dining Room,4.0,5,Santa Barbara,CA
iOYjF9CY-X3KY5wS5opyfg,Cliff's & Co Restaurant,3.5,8,Santa Barbara,CA
3fpAmsSuEFNF29UUPpgwlw,Spudnuts & Bagels,4.5,292,Santa Barbara,CA
dDU-0EW4Asx-RnM-vULFQw,Lighthouse Coffee,4.5,87,Santa Barbara,CA
8vMULlBjFJyS_836tOKnVQ,World Market,4.0,56,Santa Barbara,CA
4ejnTeRzv8z102DBIWjQLg,Ca' Dario Pizzeria,4.0,121,Santa Barbara,CA
0Qs-G8Xs-mz-jmQH5lez5A,Museum Cafe,4.5,22,Santa Barbara,CA
sjWf71VmU5HIwqX8RGCLJw,Riviera Bar,4.5,22,Santa Barbara,CA
Gz3vi3dVKMylBb8HV1tP8Q,Blenders In the Grass,3.5,68,Santa Barbara,CA
etqiTJ31Bl3Fuh3CWTSHxw,The Coffee Bean & Tea Leaf,4.0,49,Santa Barbara,CA
LsniEK_m_Jbj7JMbT4eRxQ,101 Deli,4.5,28,Santa Barbara,CA
omnCKxL0f_akh0eYeJxjDg,Seven Bar & Kitchen,4.0,353,Santa Barbara,CA
uQSCNdPI0dC_sPsOh1U8NQ,McDonald's,2.0,41,Santa Barbara,CA
z-9_8ot2TnKL9DX4k3MYMQ,Palazzio,3.0,345,Santa Barbara,CA
kfK0iQyhLIN3gOIzbLYwFw,Ruby's Cafe Santa Barbara,3.5,24,Santa Barbara,CA
6EPPtwJR1kdIfHiCjzCzuw,The Harbor Restaurant,3.5,477,Santa Barbara,CA
0iLgVQpBeIYYwQZIblTTVw,Cafe 154,4.0,10,Santa Barbara,CA
1XoX4eLYyfK4b8l_TqiPUg,il Fustino,4.5,28,Santa Barbara,CA
fMWi5o0U30MK2JgvRl_blA,Mama Lu,3.0,45,Santa Barbara,CA
ZyplC1MYtyPS3dxuBTLziA,Baskin Robbins,3.0,29,Santa Barbara,CA
UiJiURqivPDuvMsFgRF3yQ,The Honey B,4.5,215,Santa Barbara,CA
YoHFJVHTyS5ZtrSTaXt6Jw,The Santa Barbara Art Foundry,5.0,21,Santa Barbara,CA
XkZwD46WcsAlbpg1inwbLQ,American Ale,4.0,194,Santa Barbara,CA
x1-RLqVvspmksSiICHCcRw,Delaney's Desserts,5.0,8,Santa Barbara,CA
cCi63HyU5XtjCaCVw0qJCw,M Kitchen,3.0,15,Santa Barbara,CA
CNVbKrqBr6NdKqzCYLeZrA,Hi Time Stop & Shop,3.5,7,Santa Barbara,CA
IRyKDIF51M0GcqS8yfPcYA,Mesa Cafe,4.0,374,Santa Barbara,CA
1oGCzoCC6HnQWpdK9cCP0g,Low Pigeon Coffee Roasters,5.0,93,Santa Barbara,CA
bkCM8JR0ti4WHtG19DKgfA,The Pub,3.0,13,Santa Barbara,CA
oTcezJoCe30NrwiNFsoLXQ,The Little Door - Santa Barbara,4.5,137,Santa Barbara,CA
y1ZPi7c6sSkWdE1p2vUo-Q,PizzaRev,4.0,142,Santa Barbara,CA
1lwulkAD5htni3rbHW8oeg,Subway,3.0,11,Santa Barbara,CA
ebJav941naDgngDP2EIRHw,Panda Express,2.5,51,Santa Barbara,CA
Vc-hDuD19_eeJ8ULZmLSCw,Stone Age Restaurant,3.5,98,Santa Barbara,CA
j3Ml_qEFnDOaH5miNzG6xw,Rose Cafe No 2,3.5,173,Santa Barbara,CA
0tbscjPg4IzURekIn_CJ1Q,Juice Ranch,4.0,150,Santa Barbara,CA
0nR7jHCkFEzmA1n2b5g1nw,Basil's Italian,4.5,64,Santa Barbara,CA
8Npqlzl494AIMX_4pP4MJw,Drake Wines,4.5,73,Santa Barbara,CA
45D7B9CqiUTTPUFcqmLx5Q,Live Oak Cafe,4.5,263,Santa Barbara,CA
HGRR2w9KddspVBYA-4bSlQ,Sunnyside Market & Deli,4.0,12,Santa Barbara,CA
0iHHsSqphxrBWWecYEJcuQ,Cajé Coffee - Arlington St,4.5,72,Santa Barbara,CA
wUHUyTrOpUcTVTQpyZFo8w,McDonald's,2.0,34,Santa Barbara,CA
COSC9JC0Vjr89CaTZuPkUA,Santa Barbara Craft Ramen,4.0,477,Santa Barbara,CA
ZY4M_fKW8aSUpsUzeh5fuA,Elements Restaurant and Bar,3.5,42,Santa Barbara,CA
iuTj4Se42VUto09Stkiq4A,Teavana,3.5,19,Santa Barbara,CA
22q2wGlAmJN8MkhZl2RzRw,Sakura Express,2.0,34,Santa Barbara,CA
E_ac8Q20OJD9L8cafCBKaQ,Milk & Honey Tapas,4.0,534,Santa Barbara,CA
oinV9xrSkR3b_T8sK1nsqg,Bibi Ji,3.5,260,Santa Barbara,CA
tyt3pz0x3ZB8GXsSx1a9Aw,Roy,4.0,251,Santa Barbara,CA
yE8r8JXplgnr4XxRivkdLw,Chef Karim's Restaurant,4.0,28,Santa Barbara,CA
fO89arPgWzq_1YYQYLS4Yw,Wine Tasting Designated Drivers of Santa Barbara,4.5,85,Santa Barbara,CA
CkENBnSJFfPA1hY0qrqfCg,Carlitos Cafe Y Cantina,3.5,731,Santa Barbara,CA
qM2gfO-cqpDzxmIX-XzuWA,Plow & Angel,4.0,77,Santa Barbara,CA
9u79dIXLQzmt9rnOZEnBaQ,The Habit Burger Grill,4.0,306,Santa Barbara,CA
r_UPGh9GHMyBhPVMKVxRuw,Cajé Coffee Roasters,4.5,36,Santa Barbara,CA
-I7M6l0h46VdiN09Y1NUZw,Apna Indian Kitchen,4.5,246,Santa Barbara,CA
ToqcYJVdnrp4fefaucm-Vg,Lele Patisserie,4.5,19,Santa Barbara,CA
9CBW1G-JR9ioTgwFTK6kbQ,Minnow Cafe,4.0,12,Santa Barbara,CA
NmexnuLm3zyKxsgwbCe7ug,The Lovin Spoonful,4.5,67,Santa Barbara,CA
o4IiNbNybcy-L4vzTSoDJw,Ca' Dario,4.0,672,Santa Barbara,CA
pqlCSlwPp3unjiEBcZe94g,Room For Cake,5.0,6,Santa Barbara,CA
xmYXjgEMauD9XYlyeSIaqw,il fustino,5.0,6,Santa Barbara,CA
4sOLSCiwSdHhzcXC9Sd0xQ,Northstar Coffee,4.0,23,Santa Barbara,CA
lmQjsnT_IK_OOdsbghiojw,Miro,3.5,50,Santa Barbara,CA
hoDYuaDkTNvqAZdxruZADQ,Epic Bowl,3.5,35,Santa Barbara,CA
y0zNj0TAgNeAkE-wNphWsg,Arco,1.5,6,Santa Barbara,CA
EzhRlsTdACV60rOgrGYyqA,IHOP,3.0,98,Santa Barbara,CA
2l-spLLGUzRiZg8dF623Nw,1114 Sports Bar & Games,4.0,144,Santa Barbara,CA
g0lCOgLkkByZrhmwYzP5KA,Nuance,4.5,83,Santa Barbara,CA
RoGcpdwIe_k6Xhs71Wfs8Q,Victoria Market,3.5,13,Santa Barbara,CA
KC8_Rx4Orlsz8LIonCYXsA,Santa Barbara Brewing Co,3.5,642,Santa Barbara,CA
3DSgJFIaXjdknbZn3LSnPQ,Dart Coffee Co,4.5,123,Santa Barbara,CA
-H-fZonTLitwHFY_PLAIjA,Taffy's Pizza,4.0,192,Santa Barbara,CA
_cWBP-lW9RETw77prVle1g,Bitterman's Deli,3.5,28,Santa Barbara,CA
XkmJfBmH-G7eLiq8vJnJRQ,Cutler's Artisan Spirits,4.5,50,Santa Barbara,CA
kV1u9p8AEV7ItPlgXVODxA,Thai Kitchen,3.5,10,Santa Barbara,CA
5dGu7C1UEPLs_FIj_Qin0g,Santa Barbara Organic Kitchen,3.5,5,Santa Barbara,CA
0LXeNx7wGTqbMSwKkGC3xg,Altamirano Mexican Restaurant,4.0,24,Santa Barbara,CA
AjkqL34NYepP8IRd0zc1xg,Nite Bite,4.0,17,Santa Barbara,CA
-Lwq2vdrQolANLzEbYMPpQ,Le Crepe Shoppe,4.0,22,Santa Barbara,CA
rh6O8NtKJUhqZ0G2Pkpj2Q,Yume Sushi Japanese Restaurant,4.0,388,Santa Barbara,CA
UTp0yIaYklWD5BbQKz_85A,Smithy Kitchen + Bar,3.5,140,Santa Barbara,CA
5bDjg02rlg6ODEUT-UQT-A,Rodney's Grill,3.5,39,Santa Barbara,CA
Hl_vXTiYLozWo7T9Cq17vw,Aperitivo,5.0,47,Santa Barbara,CA
dld9HhmtWlZwM-8evbtUlQ,Super Bee Rescue and Removal,5.0,14,Santa Barbara,CA
zYTQOpgMSMaFNkcCAvJR3Q,Arturo's Taqueria,3.5,6,Santa Barbara,CA
gYrHa4CckDjgOQc5B-yTKA,Reds Bin 211,4.0,101,Santa Barbara,CA
yuHv4P8RUG8rWKnx50azWA,Alchemy Cafe,3.0,12,Santa Barbara,CA
fHUAs1ec568wu-a_mRq7Rw,Jack in the Box,1.5,49,Santa Barbara,CA
cJjzBIPfMmps5NhNowKPpA,Norton's Pastrami and Deli,4.0,46,Santa Barbara,CA
IljCDlZnTftfZEruqa4sRQ,The Funk Zone,4.0,43,Santa Barbara,CA
uPaVoR6XHk12KT9KTr1WFw,ASIE,3.0,149,Santa Barbara,CA
30UDzHVB5Di80kAovPr21w,Robyn Loves Cake,5.0,11,Santa Barbara,CA
0c28ysQJ_M1fVToTFV-FWQ,Wingman Rodeo - Montecito Street,4.0,44,Santa Barbara,CA
pQh2GzkAnbLKiDqEpxcylQ,Barbieri & Kempe: Wine,5.0,11,Santa Barbara,CA
yIAgFdYQY3UdfDn-qO0K7g,Arts & Letters Cafe,4.5,67,Santa Barbara,CA
c0p9TawJSQHchy5aL8NWgQ,Rosales Mexican Restaurant,4.5,227,Santa Barbara,CA
3cnjGli5iwGsUF06Dne9Yg,Challwa,4.5,5,Santa Barbara,CA
9Ujw_PoR_Vv67gf4vsAk-g,Giovanni's,3.0,54,Santa Barbara,CA
-e8RwknT5szoLk9uBZjzcw,Riverbench Santa Barbara Tasting Room,4.0,121,Santa Barbara,CA
-ALqLSTzkGDMscHdxA1NgA,Su Casa Fresh Mexican Grill,4.5,29,Santa Barbara,CA
lOjaVGb2ZA1W7MdeB7bV5A,Albertsons,4.0,6,Santa Barbara,CA
GyWxMEMzRZJ-mb6OAq7jyA,Taqueria El Pastorcito,4.0,53,Santa Barbara,CA
iJp9sq8UddLSrUtIieoD0A,Good Cup,4.0,108,Santa Barbara,CA
Ukn2qaxEP0sbjoiwn2LwhA,Onus Donuts,4.5,37,Santa Barbara,CA
vyxxsn2l6ELF2Yoxr6BWcw,Westmont Dining Commons,3.0,7,Santa Barbara,CA
FYc3iwBUhGhxJAtJ6oRvJQ,Carl's Jr.,2.5,10,Santa Barbara,CA
im1dUk7C1YoqT-KPKBF4Ng,Sanford Winery Tasting Room,4.5,69,Santa Barbara,CA
4yBeWUqxuru02oZccjDN7Q,Taqueria Altamirano,4.5,12,Santa Barbara,CA
2NcOysjkx3eFi3xo8ndAUA,Renegade Wines,5.0,11,Santa Barbara,CA
-TjT3y-Glfnbt6LbKETAYg,Benchmark Eatery,4.0,544,Santa Barbara,CA
LEo6sBsQz3xrpKW-DQjTWQ,Panda Express,2.5,18,Santa Barbara,CA
QFh-h_OZ5Io-mBk32HN28A,Kyle's Kitchen,4.0,638,Santa Barbara,CA
b1shfPbHpkeWtbGbz5iAtg,Rudy's Mexican Restaurant,3.0,130,Santa Barbara,CA
wvD7TOuE-qUhkyXoi8K8hA,Taqueria El Bajio,4.0,246,Santa Barbara,CA
rU8HgGMR8Qd8_SkvKANdEA,iGrill Korean BBQ,2.5,65,Santa Barbara,CA
T0TAXNzN7oY1wRC8jslTjw,Telegraph Brewing Company,4.0,137,Santa Barbara,CA
jKocMyXjEqgb9dL9S5vrEA,Yankee Noodle,4.0,100,Santa Barbara,CA
CrWrO6KT5KKg_EdhAgKsaw,Cafe Luck,3.5,52,Santa Barbara,CA
ySXGwFTgDesGgD3UyUfVSw,Lunchbox,5.0,11,Santa Barbara,CA
CoZ2mpsMBP8HUG1ymKoZTg,Opal Restaurant & Bar,4.0,954,Santa Barbara,CA
8JGQnOj0N-0krAvLtioWHg,Rocket Fizz Soda Pop & Candy Shops,4.5,35,Santa Barbara,CA
Z0mBsgDzDnFAEC5o4X6G9g,Java Station,3.5,196,Santa Barbara,CA
l_slvEnh4v3W8BXF1gYlcQ,Baja Sharkeez,3.5,655,Santa Barbara,CA
9MsMKG0v3NstaPqKGYFVOw,Corazon Cocina,4.5,39,Santa Barbara,CA
Tfo88MgUweNHyOMfQ6TYGw,Bay Roadhouse Bar and Grill,3.5,92,Santa Barbara,CA
Lj1goFC0ar8bfmsoHhGVbg,Taco Tuyo,4.5,13,Santa Barbara,CA
d0E938M2_4kcuULUdnj-Xw,Brass Bear Brewing & Bistro,4.5,269,Santa Barbara,CA
hRoAwkrCWaqjBuYs4i9EYw,Taqueria La Colmena,4.0,108,Santa Barbara,CA
T5serOgucL236udCsZI0jA,Xanadu Bakery,3.0,38,Santa Barbara,CA
Go-vuNoQ64pojSRJ580SJQ,Velvet Jones,3.5,96,Santa Barbara,CA
eBxc95u_Gcs9bLST0UntOQ,Santa Barbara Chicken Ranch,4.0,378,Santa Barbara,CA
E3WUDYEvCVMplIFMgeN1xw,Cajun Kitchen Cafe,4.0,519,Santa Barbara,CA
UjgqSqa4Biy34pHSEdwj_g,Gino's Sicilian Express,4.0,253,Santa Barbara,CA
JpwG8sDNsHuD0f6NF6YuGw,Rusty's Pizza Parlor,3.0,164,Santa Barbara,CA
TWLH8nel96VXhKsuZ-R4sQ,Santa Barbara Urban Wine Tours,5.0,8,Santa Barbara,CA
abr7RHb5adfBWscv5DyLeA,California Brew Festival,5.0,6,Santa Barbara,CA
M8GN3mTBVC6iA80eRIdzgg,DeliverySB,4.0,14,Santa Barbara,CA
1Du1NruqJwxnzgEUHc42Jw,SB Sunshine Cafe,4.5,208,Santa Barbara,CA
0ac5lGA_0wdKDnib3y59Xg,Flor De Maiz,4.0,434,Santa Barbara,CA
Vt5gk5h5VlHXLu-cVKzOXw,M. Special Brewing Company,3.5,24,Santa Barbara,CA
sRopdCT6Hf0mwaAHJek7Fw,San Roque Market & Liquors,4.0,14,Santa Barbara,CA
ymDsgL5cHGMBVJ_gFT5p9Q,Sanguis,5.0,16,Santa Barbara,CA
G9rBwcWp56C8r6ZFwVuimA,Belmond El Encanto Dining Room,3.0,224,Santa Barbara,CA
ggkif8dgbPvsqf8U3FI3uQ,Taste Santa Barbara Food Tours,5.0,124,Santa Barbara,CA
2cRTgUdOx7PNOQ6C0nnnug,Bagel Market Cafe,3.5,79,Santa Barbara,CA
NcPL-huY-Ac2VjkZ5KsSRQ,Saigon In and Out,3.5,19,Santa Barbara,CA
UGADjVkBITKPU7I6sMO1oQ,Bella Dolce Bakery,4.0,9,Santa Barbara,CA
FH0MVF7kK0D76Hh4e7hXfQ,Jeannine's American Bakery Restaurant,4.0,575,Santa Barbara,CA
qVitsouI4aBiYx1_Fjn0Pg,Foxtail Kitchen & Bar,4.0,270,Santa Barbara,CA
USVks6B2Xkf0WLmLIiXqMA,The Hungry Cat,3.5,480,Santa Barbara,CA
EC9-hDcyqE8c_m03X3VhIQ,Panera Bread,2.5,31,Santa Barbara,CA
8ei40SEWTURN8ROo5mBiJg,Fire & Wine Catering,5.0,39,Santa Barbara,CA
scH9yupjqMr-XP3bzJGY0A,Wildwood Kitchen,4.0,218,Santa Barbara,CA
YANEffRwcoMTLMfmeY1Y8A,Urkeb,4.5,99,Santa Barbara,CA
8FgcWn7bdMC-TMrE4Q3xMg,Bangkok Palace,3.5,47,Santa Barbara,CA
XI6CauzyZbKceQSUqnrB5A,Paradise Springs Winery,4.5,67,Santa Barbara,CA
J2gkKCIOhmMTDIt0CKkXAg,Turnpike Shell & The Point Market,3.0,42,Santa Barbara,CA
P5cgKbK-cQqqZj0I3_DW0g,Roost,4.5,73,Santa Barbara,CA
wJiaLWAxfqDeFsmE2cI8tg,Lazy Acres Market - Santa Barbara,3.5,244,Santa Barbara,CA
630njXSiAryjnEjGc6FAhw,GNC,2.0,5,Santa Barbara,CA
zV71Cfo4_jnkpr5_KH2HWw,The Zia Cafe,3.0,9,Santa Barbara,CA
RqmKdsCh53VCr50QHybrAQ,Mesa Liquors,1.5,5,Santa Barbara,CA
iFqeo1OrIcH8k4N0Oy6yJg,Santa Monica Seafood,3.5,20,Santa Barbara,CA
SsHMgOW3TT48Z7jeV5beqQ,Kimchi Korean BBQ,4.0,312,Santa Barbara,CA
NfHhm-3-zyeBBBwX0rNonQ,The Berry Man,4.5,6,Santa Barbara,CA
a9K3jxNUUe6jr1uh8FsakQ,The Patio Cafe Santa Barbara,3.0,65,Santa Barbara,CA
iBBV8vesQ8fo2IQA7an1JA,Jane,4.0,733,Santa Barbara,CA
7kc2qp0PINf5qW8soYREYw,The Point Market at Coast Village Chevron,3.5,33,Santa Barbara,CA
PBtNupbFFNj3iV1E1kr5bg,Smart & Final Extra!,2.5,24,Santa Barbara,CA
Umywf9wstVwg30wROIrL_Q,Oveja Blanca Restaurante,4.5,47,Santa Barbara,CA
6wPNzf-HzS-TDt6CjI_LSg,Silver Wines,4.5,22,Santa Barbara,CA
5pyYBpuNOAqgN9nSpk8vaQ,Madison's Sports Grill,3.0,68,Santa Barbara,CA
SAQgO7Ij2cdnMp8VQKBffA,Emilios Ristorante & Bar,3.5,49,Santa Barbara,CA
EXYbKA1tocvOK_1tXxZXLA,Sushi GoGo,3.5,178,Santa Barbara,CA
ukqJEIi-tuKcvO-u3plqlg,Mountain Spring Water of Santa Barbara,2.5,10,Santa Barbara,CA
T97hE3STgTgpwda75h6p1w,Wine Canyon Tours,5.0,152,Santa Barbara,CA
wEWy_NbtwcgNY2dKEmnACA,Rocks,2.5,8,Santa Barbara,CA
XbKXYLjC50m1_OFESDYLWA,Santa Barbara Wine Shuttle,5.0,6,Santa Barbara,CA
fKrmWy4GFsrgdOYhN9pyZA,Trattoria Vittoria,4.0,334,Santa Barbara,CA
8A5LSwsKK5vXDH1M3_Tf1w,"The Ritz-Carlton Bacara, Santa Barbara",3.5,1383,Santa Barbara,CA
L4-_gPiqsuX50JN_-qUhNQ,Jeannine’s American Bakery & Restaurant,5.0,41,Santa Barbara,CA
CuRjZOmfnXjefwEpyzmTTw,4 Eggs & Pizza,5.0,60,Santa Barbara,CA
ZrxlfdFU_qpnIHI2DmoRxA,Mesa Pizza,4.0,176,Santa Barbara,CA
MwJsk91FJ73YzzmpVaJihQ,Los Arroyos Mexican Restaurant & Take Out,4.0,448,Santa Barbara,CA
hMi8sXXPj_AwwfsEJ4RZgA,Urban Wine Trail,5.0,8,Santa Barbara,CA
eUIsUpG6KAonYxGoExzy2Q,Costa Kitchen & Bar,5.0,14,Santa Barbara,CA
eikRexw04kC6siBDkFnayQ,Shalhoob's Funk Zone Patio,4.5,367,Santa Barbara,CA
DqVpNtgFCP47n6frh-LREA,El Paseo Mexican Restaurant,3.5,262,Santa Barbara,CA
U1lGcthY52-LUPdxhV3qVw,Paesano's Pizzeria,3.5,57,Santa Barbara,CA
pKSB4wXLiS8rd1cAEgD8oA,Shaker Mill,4.5,79,Santa Barbara,CA
mHmIoIGOfpidrS1fYQ9PbQ,State Street Coffee,3.5,92,Santa Barbara,CA
4WCyuH0Dc6DAD79AyC0-iw,Estilo Jalisco,5.0,34,Santa Barbara,CA
AoBQeAvMtTOYTx-hThDLZA,Killer B's BBQ Bar and Grill,3.0,25,Santa Barbara,CA
qUH2FppY7RL96F5tXzA0hQ,Dune Coffee Roasters - State Street,4.0,633,Santa Barbara,CA
iBGR1hX6To3FGtCgCgDtqQ,Feast and Fest Catering,4.5,32,Santa Barbara,CA
YgS10SCzw13uGiC0wTDiaQ,The Taj Cafe,2.5,46,Santa Barbara,CA
ZRy4atrG3YHdb__qtE0FsA,Mulligan's Cafe & Bar,3.5,71,Santa Barbara,CA
E7RtIisUoRMcADSebBgNAA,Santa Barbara FisHouse,3.5,1140,Santa Barbara,CA
XXsofYxziipczzc3OFDD5Q,Caffè,3.0,8,Santa Barbara,CA
T9I4G6Or3sAbyYmB7c23hw,Tino's Italian Grocery,4.5,96,Santa Barbara,CA
MOowZBGbgn7FrTol3dvrlg,Nectar Eatery & Lounge,4.0,130,Santa Barbara,CA
R0U0K_qvwOQbQwPhhKw4Ew,Steve's Patio Cafe,3.5,33,Santa Barbara,CA
19Gx6T0v_GZW2je2J_mqOg,Lily's Flowers and Fruity Florets,3.5,42,Santa Barbara,CA
jWhlz8LesaC7jZL9bHNe9A,Bree’Osh,4.5,29,Santa Barbara,CA
GwtVBqKzW9j0zNQ7nYnT5g,AH Juice Organics,3.5,115,Santa Barbara,CA
jssubXBNkiSJIhbKuDtmpQ,Sushi Teri House,3.5,203,Santa Barbara,CA
h8DlM-VbvCNzpsTqihgUAw,Jack in the Box,1.5,41,Santa Barbara,CA
RiOcLw__HPf_rTOTpYKnHQ,Meet Up Chinese Cuisine,4.0,140,Santa Barbara,CA
BQv7ntaOxs80FJAji2U9pg,Harry's Plaza Cafe,3.5,337,Santa Barbara,CA
KxTipxTtvRDOntfze34NPw,Ye Olde Butcher Shop,2.0,22,Santa Barbara,CA
HrsWLRW7sPxjeC_hDA0Diw,Santa Barbara's Wood Fired Pizza,4.0,5,Santa Barbara,CA
-6jvfSJGprbfBD2QrS9zQw,Mesa Produce,5.0,19,Santa Barbara,CA
n_RyzuCAiR4yW2JLkl0Jng,Cafe Shell,2.5,21,Santa Barbara,CA
f3eve2cxUIzyanWnHdMtFQ,Corazon Cocina,4.5,813,Santa Barbara,CA
EBuSqlpzzyfZZkEgPxVV1Q,Wingstop,3.0,36,Santa Barbara,CA
bXrQejeR66IwebuhxPS7GA,Metropulos Fine Foods,4.5,323,Santa Barbara,CA
quLvdiaBMaLG3enWfWHKgQ,duo events,5.0,12,Santa Barbara,CA
Vs1GKzhgYLBthayVNuIbGA,La Rumba Bar and Grill,3.0,13,Santa Barbara,CA
QfXEdQpBojorGinfCnrKTA,Subway,2.5,17,Santa Barbara,CA
oS02owt-XB2RtDbogYyn-A,The Coffee Bean & Tea Leaf,3.5,50,Santa Barbara,CA
VciWUuWgNshjkRDPHiFCoQ,Subway,3.5,8,Santa Barbara,CA
U897DhJaaa3qyr1PVjxfWQ,Georgia's Smokehouse,3.5,44,Santa Barbara,CA
hrEtM0WMgwhv19mzVnKiJQ,Magic Pita Cafe,4.0,26,Santa Barbara,CA
3czlT5lRF9uKmGZ2rknJqA,Santa Barbara Tamales To Go,4.5,8,Santa Barbara,CA
4haTJpBzX-7ilN77LWAIDw,California Crisp Cafe,3.5,10,Santa Barbara,CA
1ONK4BD8Fuh1mfBCrB2aOQ,Crazy Jim's Tacos Y Más,4.0,17,Santa Barbara,CA
ALMuGwPnbAVc4SIbcmQmcA,Santa Barbara Bay Cafe,3.5,10,Santa Barbara,CA
jWgZRpdHy8csA1sUz1auSw,Daniel's Bakery and Mexican Food,3.5,23,Santa Barbara,CA
Nbht3URjeV94507do0goEw,Pressed,4.5,111,Santa Barbara,CA
b0TBL7gSg2mduoFDgFQHoA,El Taco Tequila Taqueria,3.5,31,Santa Barbara,CA
0t1pU_Ky3Jvgq5Ya_OC1pA,Les Marchands Restaurant & Wine Shop,4.5,207,Santa Barbara,CA
d1sY9JkgkGt3_P2fWZ2eFw,Apero,4.5,15,Santa Barbara,CA
OJ9DJLWvQV0h-ZU07QEKag,Gelato n More,4.0,126,Santa Barbara,CA
W7zCBDLFv13fDzRXJefrrA,Mayo's Carniceria & Tacos,3.5,34,Santa Barbara,CA
zVwnTKz7JIOoN-MbbQMzYA,Eat This Shoot That!,5.0,80,Santa Barbara,CA
hfN0fllM3m2jykAgToRTlQ,Mezza Thyme,5.0,46,Santa Barbara,CA
NmJX_LZ7ShIZqspI31RVZA,Starbucks,3.5,85,Santa Barbara,CA
Z4wmhciKWboy1FJKeqcw5w,Draughtsmen Aleworks Taproom at Mosaic Locale,4.5,15,Santa Barbara,CA
Btm9ODncqCqYsnpawaHioA,Tyger Tyger,4.0,167,Santa Barbara,CA
AmAc0eD6lyVyb7QdOAO1Mg,Soho Restaurant & Music Club,3.5,138,Santa Barbara,CA
yEmEDomLUofVtbZoUeFV5g,The Daily Grind Coffee & Tea Station,4.0,312,Santa Barbara,CA
T9_SMIZTlGQRr6a71WqKpw,The House of Clues,4.0,13,Santa Barbara,CA
8JzURExziDYuCrd7Ve9nDQ,Los Tarascos Bakery and Deli,4.5,44,Santa Barbara,CA
GtrY5U_M1ac3bYCk0DUeIg,Three Pickles Subs and Sandwiches,4.5,244,Santa Barbara,CA
sdzD-6O7eKIYgF9WzOuasg,Max's Restaurant & Cucina,4.0,146,Santa Barbara,CA
tf6S06LD09IFDHUpOPqPaw,East Beach Tacos,4.5,856,Santa Barbara,CA
D_WS8rM-DVygaCKbIErZ6Q,Palapa,4.0,232,Santa Barbara,CA
DdD7j67fu8kM6DkvY4JCIA,Panaderia Veronica,4.5,26,Santa Barbara,CA
JjmmSW_QQh2Db4fuIEMATA,Persona Pizzeria,4.0,624,Santa Barbara,CA
DLTwr11KNMA1hEN7OrkY2A,Mac's Fish and Chip Shop,3.5,459,Santa Barbara,CA
n67s7eDowWHlfhVtCElxGQ,Belcampo Meat Co Restaurant,4.0,33,Santa Barbara,CA
wfjqxgLSsLtyzswzQBziSw,Panino,4.0,165,Santa Barbara,CA
OCW1gs6Rjn90_x5EV0PuaA,Fox Wine,4.5,69,Santa Barbara,CA
ZtTfb4M-7A1QdHJlvv-yqg,Zuzu Candies,5.0,5,Santa Barbara,CA
ijU7hEUbD1Nq7KKbi4nyeQ,I Bike Santa Barbara Wine Country Tours,5.0,79,Santa Barbara,CA
qvXw3V4_9Pu4E7Qoi7-cKA,Fala Bar,4.5,70,Santa Barbara,CA
-NXRuUsazxXZZ_OHwmtYtw,Uptown Bar & Lounge,4.0,138,Santa Barbara,CA
sk0IM8koYo1o9-k_rpkmxQ,Taqueria Santa Barbara,4.5,95,Santa Barbara,CA
cQDwJjslebJv5Co7gCm2Yw,Cafe Ana,4.0,91,Santa Barbara,CA
EEwmN2uP1PmOyxpTstSIxA,Fernando's Churros,4.5,40,Santa Barbara,CA
B1mZ8PEh4JYCTElXFVg8kQ,Poe and Co,4.5,9,Santa Barbara,CA
k27OsQ3Bwpkr_cZkS2BO2A,Yen Ching Restaurant,2.5,44,Santa Barbara,CA
gAtJa5l8DC_IEBIp7ioTMw,The New Black BBQ,3.5,12,Santa Barbara,CA
uJc9lKaxLNBZch866x4_pA,Marketplace Cafe,4.0,47,Santa Barbara,CA
OMiBaGTi71gwMf3IbtEq9w,Girls Rock SB,4.0,5,Santa Barbara,CA
NVQbihwTELq6r1tckGp7vQ,Avelina Wine Co,5.0,8,Santa Barbara,CA
s27GlS3WCN7b4dxTpainrg,Twin Cups,4.0,7,Santa Barbara,CA
FEBwxZMEpxRwVXx9Fm0XZw,Chad's,4.0,1268,Santa Barbara,CA
jI9wCmBu77tExISLsVurOQ,Pressed Juicery,4.0,16,Santa Barbara,CA
2bxZhBk8JZkJ1GqfTB0cUQ,California Pasta,3.5,287,Santa Barbara,CA
3yI-WR2x322OvcGVUOSUjg,Chevron,2.5,43,Santa Barbara,CA
LMm555z8BReDxgkpF_TEug,Park Place Deli,4.0,9,Santa Barbara,CA
s193M1ymKdtefjhOz90Sjg,Pinkberry,3.5,93,Santa Barbara,CA
lNECraPTMtUPDJPjmF0tVA,Crocodile Restaurant & Bar,4.0,119,Santa Barbara,CA
OPQkUsUdLN_PPAW6IyEJLQ,Chino's Rock & Tacos,3.5,16,Santa Barbara,CA
NynM3SwsOMFJryABCKuOlg,All India Cafe,3.0,88,Santa Barbara,CA
m4xrhESFLaA7PiddXeg2aw,Pierre Lafond Wine Bistro,3.5,188,Santa Barbara,CA
425FOxIzHPcOB0niWc6-1w,Spudnuts Donuts,3.5,100,Santa Barbara,CA
sj2o49ZCq2iJlZxDNrHDaA,Institution Ale Company,4.5,150,Santa Barbara,CA
geKBfuHkJFpQttIFfPHrmg,Eos Transportation,4.5,80,Santa Barbara,CA
_Uyinj5wLMJ7x2cCfHO1Yg,Bristol Farms - Santa Barbara,3.5,62,Santa Barbara,CA
3Wy21heeDm8h2tSZfcj6OA,Lure Fish House,4.5,1453,Santa Barbara,CA
k8Lm3Vn2202baslhmOK4FQ,76 Self Serve Gasoline,2.5,11,Santa Barbara,CA
opcGJ-lCNTLhRRuGxVkCnw,Brasserie Solera,4.0,20,Santa Barbara,CA
NuMR1xJu6Ewxaicc4yLOFw,Chick-fil-A,4.0,232,Santa Barbara,CA
vj6AetpADpHOYtMRZsXX3g,Los Agaves,4.0,807,Santa Barbara,CA
q8pu9u7rdo1YK3RmgphPjA,Chocolats du Calibressan,4.5,117,Santa Barbara,CA
XYxSB4DQ48O7J6AsnS-Ddg,State Street Wine Bistro,4.5,21,Santa Barbara,CA
xVtO6a4dqKQQzMXkSPL80A,Presidio Market,4.0,73,Santa Barbara,CA
WVNkMz4sEl35swjVtKHOFw,Alessia Patisserie & Cafe ,4.5,112,Santa Barbara,CA
FTFaEinJgzqY0ZHQMUSpQQ,The Brewhouse,3.5,696,Santa Barbara,CA
thlyktt2c7v1DyOpSVSibw,Scarlett Begonia,4.0,897,Santa Barbara,CA
Ow29cE1wS-_LrfN7jEuDPA,Ahi Sushi,3.5,137,Santa Barbara,CA
sBxbAv4TEjGZiLmPlnxrbQ,Potek Winery,4.5,33,Santa Barbara,CA
c7GJVA-6lQxcH6QkrRiW0w,Hot Spots Espresso Company,3.0,35,Santa Barbara,CA
_6p_j0UL7ST3b2nvHw82eA,REBAR COFFEE + KTCHN,4.0,160,Santa Barbara,CA
FjJxG78092vB1sa6hYzebw,First Paige Fitness,5.0,5,Santa Barbara,CA
CziOtnFSklimJnBgksDDwA,Pascucci,3.5,1069,Santa Barbara,CA
Slihcg1bmYvw-V_FUFghLg,Harbor Meat & Seafood,5.0,14,Santa Barbara,CA
kwqXOtLCbNjgvwuMj4H1AQ,Montecito Gourmet by Village Cheese & Wine,4.5,70,Santa Barbara,CA
FH1sTH13rupNdANai7JFxA,The Bourbon Room,4.0,109,Santa Barbara,CA
-ipZBVF9nWm1vzrvQ3444A,Habit Burger Grill,4.0,131,Santa Barbara,CA
QNilrbTi8912ye2ztnBMpA,DeeTours of Santa Barbara,5.0,188,Santa Barbara,CA
5LeEWF3UxdPAQhtss_PbJg,Mercado El Rey,4.5,15,Santa Barbara,CA
9uJuBPIQyrC0v9pVv3JKRQ,Panera Bread,2.5,176,Santa Barbara,CA
4dF9bWpFOKGiFmL3tFmvbQ,Happy Canyon Vineyard,4.0,69,Santa Barbara,CA
7wcHZ80HLJVwUijAH_efJQ,Breakwater Restaurant,3.5,212,Santa Barbara,CA
iktsndB_zjwblxdfigyrOw,Aspyn's Table,5.0,7,Santa Barbara,CA
mxZMSFUamk7SIf5ndCLAxA,Pali Wine,4.0,142,Santa Barbara,CA
VguQ-YnKapMYMrfaKljWBg,The Valley Project,4.0,75,Santa Barbara,CA
Fg68C3AwFu74dXMhgX3qIw,Carl's Jr,3.5,18,Santa Barbara,CA
OrU9wTeHJSLMwyGqYg4FAA,Arch Rock,4.0,626,Santa Barbara,CA
r926yelr_EJAKQCjdD6AWA,State & Fig,4.0,519,Santa Barbara,CA
3n7VGTZQKyWycuhU_j0lqA,Alchemy Wellness Spa,4.0,58,Santa Barbara,CA
mEzH6V1ruMHJrgKuLGoi1g,Cold Stone Creamery,2.5,52,Santa Barbara,CA
aFhPwy7OhyKah4cJY2QdEQ,Stonehouse Restaurant,4.5,339,Santa Barbara,CA
FyK0sYez1ImnovyzJ_iGZw,East,2.5,49,Santa Barbara,CA
PilMA5jBSjfh2rlCLG50Cw,Blue Corn Tacos Catering,5.0,11,Santa Barbara,CA
AMi1h-goNueHf_Lvx4Cu4g,Whole Foods Market,3.0,224,Santa Barbara,CA
ryGwDtxLX9crWxXQMfFAvQ,Smart & Final,2.5,17,Santa Barbara,CA
_P-0kP5DboEd5p0OqDorFA,Wine + Beer,4.5,39,Santa Barbara,CA
iBTc6XKgW5HESEZIii-G4g,Carr Winery,4.5,164,Santa Barbara,CA
Y6WDt1LiVZNNDCN8dR_bZg,Lane Farms Produce Stand & Patch,4.0,41,Santa Barbara,CA
7UbXvL4SnVEDtx8oJbbuhw,Speedway,2.0,9,Santa Barbara,CA
ogxIVpA7yEHIPrx8FPBZbw,Linda West Cellos,5.0,5,Santa Barbara,CA
grBPIq_eJCT_SGuhvMrUZQ,Blaze Pizza,3.5,146,Santa Barbara,CA
2X7L-Q8enfS9ecSaIVaBaw,"Valhalla Martial Arts, Kickboxing And Fitness",4.5,17,Santa Barbara,CA
8Vo6LN9gqULhXzoxj5k6kQ,The Black Sheep,4.5,983,Santa Barbara,CA
elX9a3nvGMSweRaMWgSb0Q,Starbucks,3.5,92,Santa Barbara,CA
xv_nZ8E7DFiKDjFi9syKsQ,El Pollo Loco,2.5,56,Santa Barbara,CA
INaAIFXWueRVjgmuNtJTEw,Dutch Garden Restaurant,4.5,151,Santa Barbara,CA
tarvIQNXuZecIEFay9TpVw,Romanti-Ezer,4.5,5,Santa Barbara,CA
-FM4CxOg4XXmX_Ebky_SiQ,Finch & Fork,4.0,1405,Santa Barbara,CA
8MoqZqlNN9AXzG91_Hpc_Q,Dargan's Irish Pub & Restaurant,4.0,289,Santa Barbara,CA
vi5xjfEhV6rnXrC_GbdhnA,El Rincon Bohemio,3.5,87,Santa Barbara,CA
xUd0QOyVzx9SQhWulcOPAw,Book Ends Cafe,5.0,61,Santa Barbara,CA
pyFEy1qXkmYJDHxVvpK7cA,New Si Chuan Garden,4.0,75,Santa Barbara,CA
DlCDhT-ovjV7hQywe0YirQ,The Cookery Catering,5.0,5,Santa Barbara,CA
NORF647ibBQ4U-VNMgzSLg,Oakberry Açaí Bowls and Smoothies,4.5,77,Santa Barbara,CA
KTlABGqop4Q7FzD7lSkHJQ,Santa Cruz Markets,4.0,28,Santa Barbara,CA
auh2m1mJ2ORJxpmPUJ9SYg,Ultimate Bagels,4.0,53,Santa Barbara,CA
G2Mdyjts3zs8VKPi0jhLNQ,Cool Couriers Santa Barbara Delivery Service,5.0,5,Santa Barbara,CA
WVuSLF5tLVqMGMmj5pn7mw,La Michoacana Premier,4.0,30,Santa Barbara,CA
uBvHmZ7BMT8JW5kxgimPWg,Santa Barbara Winery,4.0,410,Santa Barbara,CA
XscTpOBks1vDNUIwVsZAlA,Bottle Shop,4.0,31,Santa Barbara,CA
P_QAD4_iMgqTaWd5On_n3g,TAP Thai Cuisine,3.5,332,Santa Barbara,CA
ouQpkEJnFZzJy86ECkcTzQ,DV8 Cellars,4.5,78,Santa Barbara,CA
Iw3lHwjwIjvfsgVOwpF_UQ,Trader Joe's,4.0,47,Santa Barbara,CA
ZJzlns_dFkapVajmdFHGuw,Embermill,4.5,211,Santa Barbara,CA
cbQgU7MxJvyVDROjg-w7yg,Talevi's Wine & Spirits,3.5,12,Santa Barbara,CA
TVX2a4bVuCE2VUIkiLdZrQ,Flavor of India,4.0,501,Santa Barbara,CA
Sp4HOjXy-LYV_4yy10L3jg,Modern Times Academy of Recreational Sciences,4.5,74,Santa Barbara,CA
C6AiAF35zwpAoK5jjm-nhA,Montecito Coffee Shop,3.5,37,Santa Barbara,CA
q3z5nfCo6HmXBPgJ4OXrtg,Paradise Store & Grill,4.0,27,Santa Barbara,CA
Srt_8c1wZDcFSCsOTbJkiw,Brews at the Beach,4.0,12,Santa Barbara,CA
pGtaxpSxxpmqPs6FAR1W_A,A Piece of Cake,2.0,12,Santa Barbara,CA
TzNk1TcWLZn0JCpO83hBAA,Stella Mare's,4.5,477,Santa Barbara,CA
1kVnChI4aqsPw9i2PVqkkw,Fresco Cafe,4.0,278,Santa Barbara,CA
WQ0cLxAeRpkp6bZP89nDVg,Fat Burger Restaurants of,4.0,7,Santa Barbara,CA
c3UA1gYc6VY7dEyS0135pQ,Tondi Gelato,5.0,103,Santa Barbara,CA
NTWgjXi0ggOQnTOS1bTjEw,Le Bon Cafe,4.0,5,Santa Barbara,CA
EcJQ-fvI6ROOcKIu7XEcrQ,Get Hooked Seafood,5.0,10,Santa Barbara,CA
RRGLss4hhvZZuR0N6GQlSw,Nook,4.0,208,Santa Barbara,CA
C36ldTawd5V7DBiK5G9D8A,Santa Barbara Guitar Bar,4.5,15,Santa Barbara,CA
5uNCvNy9L6peKeKP1RRPyg,Saigon Vietnamese Restaurant,3.5,374,Santa Barbara,CA
BwUWmUFKCuJ-nN9vFwMt2Q,Himalayan Kitchen,4.0,361,Santa Barbara,CA
wrtx446YNQoQa5U7UI6j5w,Chad’s,3.5,24,Santa Barbara,CA
VJKpVv_l1g943WK6fxwZKQ,Blind Tiger,3.5,22,Santa Barbara,CA
C9_UPkwXYx9B3fxNLkCHgA,The Coffee Bean & Tea Leaf,3.0,8,Santa Barbara,CA
m4kvY0viCwxqRtgOycnKVQ,Mony's Mexican Food,4.5,768,Santa Barbara,CA
3XjwPkcbuhssRwZKnoYOyQ,The Pan,4.0,21,Santa Barbara,CA
hJr6xw5Jn20ag2rHopI4eg,Deano's Pizzarama,4.0,12,Santa Barbara,CA
9JHhenxdM20EqmTQba6WyA,Frequency Wine,5.0,61,Santa Barbara,CA
h4zjPjFmQgJQzYEXLcHenw,The Liquor & Wine Grotto,5.0,46,Santa Barbara,CA
lnGHZ_pEJNGT9pcGQ467Ew,Treehouse Restaurant,3.0,52,Santa Barbara,CA
ENp_DT0yXdIzdk_O8Ti_kQ,Foodland,3.5,13,Santa Barbara,CA
kwtKZ3fzM5jlR8Z7KIA17g,Backstage Dueling Piano Bar,5.0,50,Santa Barbara,CA
OdRkeCycTpMRow9XUXVNWw,Taco Bell,2.0,5,Santa Barbara,CA
Ak4vFqHZUWU5KXONRnuieQ,Los Altos Restaurant,4.0,166,Santa Barbara,CA
c1oDGw0j9-Lxus_Xs7go8g,Itsuki Restaurant,4.0,67,Santa Barbara,CA
f7S0WFDy_J1TGahYhnoMLA,OPPI’Z Bistro And Natural Pizza,4.5,170,Santa Barbara,CA
x2ly0NsSTMmMpljpdIZdYA,Cadiz Restaurant & Bar,4.5,697,Santa Barbara,CA
crlk8kaurC4zrPUTt7BevQ,Chubbies Hamburgers,4.0,143,Santa Barbara,CA
ukfAtVvdBD41s-yJ6gOx3w,Semi Private Chef,5.0,12,Santa Barbara,CA
aD490g5tyGScrxRZP_d1gw,Enjoy Cupcakes,4.5,165,Santa Barbara,CA
2h3SEwpI6fiuTF9mcN1S_Q,El Zarape,4.0,86,Santa Barbara,CA
ks1BsT_1dncllU4YM7C2Qw,805 Deli,4.0,44,Santa Barbara,CA
LbJKeBM-2--c6VyM3Rt-Xg,Webby's Candy Company,3.0,5,Santa Barbara,CA
c-W17u2jiFOD2H_d6uo-bQ,Area 5.1 Winery,4.5,236,Santa Barbara,CA
jMAQupx06hHjie54wV2yNQ,Ruth's Chris Steak House,4.5,15,Santa Barbara,CA
edJoBsse6nsF0BYh6pATAg,The Palace Grill,4.5,1500,Santa Barbara,CA
hVKH5oED9NgGaZeIiF547A,Backyard Bowls,4.0,214,Santa Barbara,CA
wK2IixmZUOEFGz1QZqR99Q,Lovejoy's Pickle Room,4.0,75,Santa Barbara,CA
0cWnURpfrb4MqKSzyVN4SQ,Alcazar Tapas Bar,4.0,152,Santa Barbara,CA
e76uCbhmK8oqAtYAkxB2Qg,Armada Wine & Beer Merchant,4.5,53,Santa Barbara,CA
ddm-u31cWT7Uq097opQUuQ,XO Burger,3.5,5,Santa Barbara,CA
y4x_wAQvUxvTR8iV-JP4Jg,On The Alley,4.0,504,Santa Barbara,CA
xotdeLae9P1mHAiJx4D0XQ,Marcie's Pies - Jimenez Family Farm,3.0,20,Santa Barbara,CA
znlrxrY4InSx7ekPZxoHRw,McConnell's Fine Ice Creams,4.5,1537,Santa Barbara,CA
EtbukcoR6QW6_5fEeFcVoQ,Melville Winery,4.0,62,Santa Barbara,CA
D-1BoOczhXGgwhBOR5v-nQ,Little Alex's,3.5,110,Santa Barbara,CA
DcRfabRzYkddMEUFyPMBgw,American Ale,3.0,16,Santa Barbara,CA
pBPfWo_WfHVVkSKD_P3osg,Lucca Truck,5.0,25,Santa Barbara,CA
gUaVw2fxj9EGbCIIFH4uVQ,Wetzel's Pretzels,3.0,19,Santa Barbara,CA
zxW8zECvT_SqejieMMjb5A,Chilango's Mexican Restaurant,3.5,14,Santa Barbara,CA
hLUqElKTjOzpt_ZXkWVuiA,Montecito Cafe,4.0,104,Santa Barbara,CA
4FdsX3MbkcdBRAr1aymF6A,La Paloma Cafe,4.5,77,Santa Barbara,CA
7lzL9rJLiojDh5kVzKGoLQ,Monkeyshine,4.0,36,Santa Barbara,CA
i9ASBmmIJS3RjN_UP-TtKw,Starbucks,3.0,40,Santa Barbara,CA
4gPWSVCRzHvJ7i6LuNrCvA,Panaderia Oaxaqueña La Soledad,3.0,5,Santa Barbara,CA
304FY8qhcOpm9SIkrzmhoQ,Reunion Kitchen + Drink,4.5,61,Santa Barbara,CA
N12Pwub9Tj-5AhuPfbj-Mg,Big Joe's Tacos,4.5,35,Santa Barbara,CA
wO4IO1uTN65jkYdaBJCL8A,Rusty's Pizza Parlors,3.0,87,Santa Barbara,CA
ZKi4F9BlA46rLvLyeIE3VA,Pacific Crêpes,3.5,252,Santa Barbara,CA
8RlO6NuhWzXktp-1croq5A,Szechuan Restaurant,3.5,234,Santa Barbara,CA
6smGb7xv5fDbBsLgW1WC2w,Shintori Sushi Factory,3.5,185,Santa Barbara,CA
MnAn9IDCGMTXFqUqJ5P53Q,Giovanni's Pizza,3.5,83,Santa Barbara,CA
MxmcGeTRzLPaTwhDm1txSQ,Craft Beer Club,2.0,20,Santa Barbara,CA
6EizP0XyqITuGZ8GZMI9Lw,Toma Restaurant & Bar,4.5,1084,Santa Barbara,CA
5GUA13zYgw4_8F6qUMU_LA,Green Star Coffee,4.5,63,Santa Barbara,CA
nkLla0nBTUPL6yj-zX6eaw,Cafe del Sol,3.5,36,Santa Barbara,CA
svKDkmALJNcToJxEsU_bpw,Barcliff & Bair,4.0,7,Santa Barbara,CA
od_MWVpghkvSsl1HKasM9A,Blenders In the Grass,4.0,55,Santa Barbara,CA
ssZSQ7HzLFBbm41gWubXKQ,Costa Terraza,3.0,46,Santa Barbara,CA
7oPREWTlY8RIMfwT1R0YYw,SALTY at the Beach,4.0,70,Santa Barbara,CA
OM5beWRkxZSu1TShUC3EDw,The Drunken Crab,4.0,595,Santa Barbara,CA
WkrFxB-p5u8gI0bbbfIUuQ,HelloHarvest,5.0,7,Santa Barbara,CA
o7NjFfP5ENPBLXsSnBcrlg,The French Table,3.5,85,Santa Barbara,CA
ctVn7wMvJX8f4Z9SnOnrHw,The Bistro,3.5,243,Santa Barbara,CA
v1Uesklh8DpEufYOhTq4iA,Mar Monte Hotel - Hyatt,2.5,767,Santa Barbara,CA
hEpRFnkUl4C6NVOVSMiTVg,Sunny Asian Restaurant,3.5,45,Santa Barbara,CA
ixROUxJqrczeYUT0z0MCHg,Taste Wine Bar & Retail Shop,5.0,9,Santa Barbara,CA
WWoUVlbCdnNT_CQG3S0ZdQ,The Point Market at Mesa Fuel Depot,3.0,28,Santa Barbara,CA
n0Z10UAJO187H8Zp8gl-rw,Arlington Tavern,4.0,140,Santa Barbara,CA
PrJEYGjlhaF0BSZk_Q-uPg,El Pastorcito,5.0,5,Santa Barbara,CA
-kfHz1kimX62QEceFkkB_g,Edomasa,3.5,406,Santa Barbara,CA
zZrDoiQIUmiVkifJx0h_KA,Old Town Coffee Downtown,4.5,8,Santa Barbara,CA
O2lFAWD2WXXx5EKkzPutWQ,Your Place Thai Restaurant,4.0,434,Santa Barbara,CA
9jEv_7tueRJdV5CZwVcwPg,PokeCeviche,4.0,127,Santa Barbara,CA
pC0vDDpl_2ue3HGAmGpMSg,Ridley-Tree House Restaurant,3.0,5,Santa Barbara,CA
64Rl3pT4Md4-8ckeaNVZCQ,Bucatini,3.5,280,Santa Barbara,CA
k6Ptrc94R-Mk549pDEVTFA,The Natural Cafe,4.0,164,Santa Barbara,CA
34PSBuVNmEguXTwmyH5Tcg,Guadalajara Market,2.5,11,Santa Barbara,CA
jgd4xLWZ2_YEBiQgdvwztw,The Buzz Hive,4.5,12,Santa Barbara,CA
6RBrYMiAf8jFJI4fDoQpcw,De La Guerra Dining Commons,3.0,6,Santa Barbara,CA
sCJEbsv0KEsx_IifiFjGDQ,CHOMP on the Rocks,3.5,28,Santa Barbara,CA
AV3XPH1iv8PKSO6mrnYgLg,Pearl Social Santa Barbara,4.5,36,Santa Barbara,CA
sMmFJd5KgJdeLGEVzvqf6A,Santa Barbara Stringed Instruments,5.0,5,Santa Barbara,CA
SYHDOHRNAH-2xsw3XB5qbg,The Shop Kitchen,4.5,1108,Santa Barbara,CA
T57xntplBLVcTFmhWVA0gw,Folk Mote Music,5.0,6,Santa Barbara,CA
HjHH1xAoxfTqlZqPLk7slQ,Ralphs Grocery Company Store 644,2.0,10,Santa Barbara,CA
FQxEfhBd1gMrurP19bhK8w,Mama's Bakery & Deli,4.0,38,Santa Barbara,CA
apdwYbDYSOgD89eEa8yDcw,McDonald's,2.5,40,Santa Barbara,CA
EZc2myE2mYk2h9JK9qu8gw,Finney's Crafthouse,4.5,1047,Santa Barbara,CA
2QaNH5-RCRNIkToUOBc22Q,La Salsa Fresh Mexican Grill,4.0,26,Santa Barbara,CA
wX4ap0Qy5ZK6Hy2iKvBqXA,"The Pasta Shoppe, LLC",4.0,51,Santa Barbara,CA
Swk_Fdv-gRY8zUT2ft18Kg,Starbucks,3.5,26,Santa Barbara,CA
VFXZgXxWcQx-Y5CRIt9Nrw,Barden Wines,5.0,7,Santa Barbara,CA
NNfsMie_xMUAnf4eKoQ64g,Maudet's,5.0,6,Santa Barbara,CA
vZG0BDPGDJxMGiXcGoVU6w,SB Munchiez,4.0,182,Santa Barbara,CA
xUkr5K9vgjzvLCZBYFZ3Vg,Si Senor Taco's,4.5,8,Santa Barbara,CA
JxVPdQrAac7qNUnwse7xcw,L's Kitchen,5.0,13,Santa Barbara,CA
vPv4J9bgh7BDy-p6tAM0ew,CVS Pharmacy,2.0,25,Santa Barbara,CA
Cd-hiDiuj7TFv8b_Nln5aA,The Point Market at Walnut Shell,3.5,11,Santa Barbara,CA
o0AG9SfwVaZ00cURT7Q-Ag,Ruby's Diner,3.5,5,Santa Barbara,CA
rwAePQunJwl6WZP8NhWmbQ,Napoleon's Macarons,3.0,6,Santa Barbara,CA
PZIVcSuN-G_I6oG6EVKntQ,Anchor Woodfire Kitchen,3.5,59,Santa Barbara,CA
JB5tlC_7u5IHT2Z_GHN-qw,Daily Greenz,5.0,8,Santa Barbara,CA
3rzlcCvPUJ56jvYWl7iGvA,Modern Times Kitchen,4.5,54,Santa Barbara,CA
zeAfmYy9b1gfUJLRBHm6vQ,Presto Pasta,4.0,240,Santa Barbara,CA
qyXcWGL5-bU_uV2VKxqzTw,The Habit,4.0,164,Santa Barbara,CA
Kg71HUigI1rnY3UMFiLx0w,Tangonadas,4.5,67,Santa Barbara,CA
xCbzGlxwX6QrS9t9uRcflQ,Piano Riviera Lounge,3.5,16,Santa Barbara,CA
9dp3hVDlQ0VtjPW_7ISoXg,Chuck's Waterfront Grill,3.5,260,Santa Barbara,CA
OMWhamtXhqlYCj66MqcxuQ,Aksum Restaurant,5.0,9,Santa Barbara,CA
Aes-0Q_guDeYewMapFs_vg,Longboard's Grill,3.0,516,Santa Barbara,CA
mjMJxBpW_Pg1b4duNPJsTA,Tri Tip Company,4.0,19,Santa Barbara,CA
AAiPARkDNPHR2g7BnmFRUw,Hi-Time Liquors No 6,4.5,6,Santa Barbara,CA
tthy48ZIX_wfY8Dy0Dvg6w,Bouchon,4.5,1452,Santa Barbara,CA
49Sy1N3MTnK6Eslh1tgZQQ,Matty's Hot Chicken,3.5,12,Santa Barbara,CA
0HIB2TFyVsnsCSZyLw7e7A,YellowBird Music,5.0,13,Santa Barbara,CA
CLlnfxaYPTVLKE4VR-U1Yg,La Cocina Mexican Restaurant,4.0,73,Santa Barbara,CA
Hlzn3A-B2-Q1xj3FHe_D0A,Jake's Cottage Cuisine Cafe,3.5,8,Santa Barbara,CA
dutm97q2F4a6RV6YQ0uLHw,Crush Bar and Tap,5.0,34,Santa Barbara,CA
lwbFhaGaKUtwPdaXXjy3mQ,The Waterline,4.5,11,Santa Barbara,CA
5B-m3Nir02zheQnEGopV0w,Killer Shrimp,4.0,143,Santa Barbara,CA
sLfc9_WCN0lcTeUIA3X2og,Creamistry,4.0,153,Santa Barbara,CA
OQKKEbPoXqZwSF5CiNWZeQ,CVS Pharmacy,1.5,58,Santa Barbara,CA
x8JcV7sAyDN5k9qbnlfGdA,Great Pacific Ice Cream,2.5,122,Santa Barbara,CA
oYireVavpwflbyWes2BsqQ,Pueblo Pollo,2.5,5,Santa Barbara,CA
IGeZA-G7uUNpiX6LR9Yy8Q,Nick Rail Music,4.5,10,Santa Barbara,CA
SMqSdSAoLP06sWUJ2uXUow,Chapala Market,3.0,16,Santa Barbara,CA
oyJdcjCTGEM2KiGqyJaFwA,Workzones,5.0,17,Santa Barbara,CA
cHDV5cpGcqVwN7K-5aA4zQ,Gold Medal Wine Club,4.5,6,Santa Barbara,CA
BseHdXex5Od2Or_TyUIoWQ,Courthouse Tavern,4.0,13,Santa Barbara,CA
OyFxR5E2HBy-K2-0AxCtFg,Domino's Pizza,2.0,42,Santa Barbara,CA
9h0i4lVC5eCVhRTanWsEAg,Le Cafe Stella,3.5,263,Santa Barbara,CA
HNACff49-kXS7l0MyLOzHw,Rusty's Pizza Parlor,2.5,48,Santa Barbara,CA
p5rXRkSJtAKcWd4GY71avQ,The Mex Authentic,4.5,175,Santa Barbara,CA
dinxDxiWFUkEpxpIzaGHMQ,Casa Blanca Restaurant,3.5,666,Santa Barbara,CA
CO5UeHEX1AcK5yRzFVr2Ew,Fresh & Easy,3.0,27,Santa Barbara,CA
RAsM08lCA-tf6qkPan9NNA,Lafond Winery City Tasting Room,4.0,56,Santa Barbara,CA
VUPpj-CsDJY4cIGQLqJ_xw,Ben And Jerry's,4.0,5,Santa Barbara,CA
vgDl4_ZjoLLIU2ZPL83GIg,Mosaic Locale,4.0,18,Santa Barbara,CA
5iCDjFNkihjzj94Gh0kyIA,CVS Pharmacy,3.5,24,Santa Barbara,CA
PGVZjuHpB5s5jFMKqKdCmw,Our Daily Bread,3.5,36,Santa Barbara,CA
ziXR7sUrbKRCNeDqfjibUg,Rudy's Restaurant No 1,4.0,262,Santa Barbara,CA
CwL56LgcMz7Bvi4xODHVSw,La Arcada Bistro,3.5,144,Santa Barbara,CA
TqE83vo_rs4h4EycnuLI6g,Peet's Coffee,4.0,38,Santa Barbara,CA
bp482wqF6v80AltDNlPDfw,The Blue Owl,4.5,530,Santa Barbara,CA
xPwwiAa5YgA0blH_DuBkdw,The Cheese Shop,4.5,24,Santa Barbara,CA
DZdGvf67WEG8ZDRM2fLt1w,Explore Wines Tour,5.0,48,Santa Barbara,CA
OzGk7arJv6FPrWqaYSvyKQ,Choi's Oriental Market,4.5,175,Santa Barbara,CA
hPzPpfSjgQkpWCD7YjcY-A,Lilac Pâtisserie,4.5,588,Santa Barbara,CA
e_LmE84zjkowFcQUd4sdfw,Downtown Brewing Co,2.5,15,Santa Barbara,CA
acqDz7WDsCS3WiLxHVceOg,Café Lido,3.5,11,Santa Barbara,CA
5tVPbd0gJZHyEEWpXW7vCg,Wing's Restaurant,3.5,37,Santa Barbara,CA
bPVPZeqMuYtU_yGCb4P-jg,Empty Bowl Gourmet Noodle Bar,4.5,705,Santa Barbara,CA
hYlAyz4RM1kE7ErPhPQ2xw,Rancho San Marcos Golf Course,4.5,33,Santa Barbara,CA
E1b_hNr22N2wGkq5Z9fmHw,Juice Ranch,3.5,21,Santa Barbara,CA
HA_Hks9YjRqz3Yk6JDAaIQ,Bougainvillea,4.5,13,Santa Barbara,CA
WhTRPUduXy3mRBYlmSmsKw,Mission Street Ice Cream and Yogurt - Featuring McConnell's Fine,4.5,863,Santa Barbara,CA
OjHy_M9BrUmdJ4L3KCCCWQ,Nimita's Cuisine,4.5,28,Santa Barbara,CA
EWl5aixg4hCcuVYpz4BLKQ,Cafe Los Arcos,3.0,10,Santa Barbara,CA
VOcGcN0bvGU_nzxbJgR5jQ,Bettina,4.5,311,Santa Barbara,CA
PVo1orQ9R7ZHfg90QACh-w,Your Choice,4.0,346,Santa Barbara,CA
LIqjZ2fGRbjjMy0ezyuKSQ,Frankland's Crab,3.5,27,Santa Barbara,CA
icGg8xgDJVufg-xptMrDGw,Denny's,2.5,158,Santa Barbara,CA
v5jxpGnKbx3vVxs28dgokQ,Saigon Vietnamese Restaurant,3.0,192,Santa Barbara,CA
cBgNa2PIFy1wSXcduYIiUg,Mesa Barber Shop,4.0,49,Santa Barbara,CA
kSKyOrJELZz_AzGkvnf8MA,Mattias Blom,5.0,27,Santa Barbara,CA
IoAubn7CpU2rqcURxUo1MA,Barb's Pies,4.5,166,Santa Barbara,CA
8MQNb0Cnkfq-G1OIViukjQ,Seagrass Restaurant,4.0,217,Santa Barbara,CA
Qsd_S2f7fNFqngx2amRE7A,Sojourner Cafe,4.0,276,Santa Barbara,CA
sQFk2gZFUCmLhfYX0ufPbA,Kahuna Grill,3.5,76,Santa Barbara,CA
Xw_5QkLTyIEg6Hs-kXGNbg,Galanga Thai Restaurant,3.5,297,Santa Barbara,CA
JoD_Fkf2rl3s3Ms5Sfb7uw,Healthy Warrior Meal Prep,5.0,12,Santa Barbara,CA
Q-ZqJY2AXNJIGj-DmlzRuw,Plaza Liquors,2.0,6,Santa Barbara,CA
fzKhn-cjo9mn1OvG_wyJ8w,Viva Oliva,5.0,11,Santa Barbara,CA
RdFgbrE_8sf6NImEMopaPQ,Beachbreak Cafe,3.5,141,Santa Barbara,CA
R_8S3Iuhpzoi3nM-xq3kcw,The Daily Grind,3.5,101,Santa Barbara,CA
ySRkAFddd1tCUzRDjbECdg,Santa Barbara Night Market,4.0,11,Santa Barbara,CA
lmKb382_WPMU4svBenUwHA,Gandolfos New York Deli,2.5,38,Santa Barbara,CA
UA3HxLprLSOO9J6l1iR2Cg,China Palace,3.5,205,Santa Barbara,CA
oktohqIGhMQxOP7h5ugHlg,Julienne,4.0,284,Santa Barbara,CA
rPVmM0aJbC6lU_mnDiZ2Rw,Tee-Off Restaurant and Lounge,4.0,213,Santa Barbara,CA
yFIL4NAyniThUp1ChdmFXw,Danny Douglas Catering,4.5,19,Santa Barbara,CA
s4k1P9FHfPUzw3dqXRp7eA,LOKUM Turkish Delight & Baklava,4.5,234,Santa Barbara,CA
uZYBF0YTU_iKq4_L_PDtMQ,Zaytoon,4.0,1168,Santa Barbara,CA
Zqc8nrT3Z1IbQBckFuU3Fw,Matador Tapas Bar & Latin Steakhouse,4.0,7,Santa Barbara,CA
_TEWOkqBWDtNigjujuPQfw,7-Eleven,2.5,11,Santa Barbara,CA
C-zgOpqD2K0xDJU4ty7zKg,Honor Market,4.5,57,Santa Barbara,CA
WIH1ptTMD7aII_qfeVeaRg,El Rincon Alteno,4.5,13,Santa Barbara,CA
VhH_MGOiWsMVOJk1LHFVXw,Rudy's Mexican Restaurant & Take Out,3.5,27,Santa Barbara,CA
Tc1L4BH_2pkCywkAEfCQRg,Burger Express,4.0,9,Santa Barbara,CA
0RxU5OglQyPVtLKC1LPgsA,Bree'osh,4.5,497,Santa Barbara,CA
DOfiulOub9hVPBCtiDl9Fw,Lucky Penny,4.0,643,Santa Barbara,CA
AorcIbAAOJI7z0CBwICwoQ,7-Eleven,2.5,11,Santa Barbara,CA
IoihJkcF2FcE-sHOneat-A,Petit Valentien,4.0,342,Santa Barbara,CA
Oeaerj6kDDBRGnUh0wLAvA,Woody's BBQ,3.0,286,Santa Barbara,CA
AzZqXglv_puXwd4kCvM7ew,Rudy's,4.0,96,Santa Barbara,CA
w8AxfAjNq7wU5jHmpLSpNg,Oreana Winery,3.5,241,Santa Barbara,CA
soaZ7_oU7xcphlw6gpWblg,Starbucks,3.0,47,Santa Barbara,CA
VAIOtbsxdNmuhUKkQZFRlA,Renaud's Patisserie & Bistro,4.5,524,Santa Barbara,CA
BZq27sUTa_hruRKXr1x54g,I'a Fish Market and Cafe,4.5,68,Santa Barbara,CA
PBXFaKio7FJ-4JehJGh_gg,Fattes Pizza,4.5,10,Santa Barbara,CA
t5igEXKZt4CMtA2FX-GoGA,Sprouts Farmers Market,4.0,21,Santa Barbara,CA
S8saWaZlToeNoloR2fMrAQ,Grassini Family Vineyards,4.5,161,Santa Barbara,CA
QFNrQo2BGE62G-FbIlWWgw,Mels,3.5,32,Santa Barbara,CA
xEjPCUocVTNszm3D39qmYg,Pura Luna Apothecary & Full Spiral Salon,5.0,15,Santa Barbara,CA
hdCu74rz33m3EgDmdDn1SA,Dave’s Dogs,4.5,53,Santa Barbara,CA
z31te0YMSegTdktp3qYqGw,Empress Palace,3.0,192,Santa Barbara,CA
lBIIzOvyq4z6MDRmkrjpyw,Lao Ma Tou,3.5,83,Santa Barbara,CA
WxAIpTgD1tK_DgzwQ3Dgww,Mi Fiesta Market Deli,2.0,8,Santa Barbara,CA
HJ_rOClY2RPrdervYopKmQ,Mosto,4.0,96,Santa Barbara,CA
0m0SQSIzM9WcDhJ7UEVCLQ,Ty Lounge,4.0,32,Santa Barbara,CA
bd0ew6pTvlP4f5KRfWK5jw,Square One,4.0,37,Santa Barbara,CA
NAWO3P0rl396h0kdRXwuFA,JSB Cafe at Santa Barbara City College,4.0,16,Santa Barbara,CA
YrNtBUOUOYwmRZ_UVwH8iQ,D'Angelo's Bakery,3.5,433,Santa Barbara,CA
r5sQtvsO4OVJgEH5H3uEAg,Starbucks,2.5,73,Santa Barbara,CA
XaClpgO7KFKZSuqBzXDcwA,Santa Barbara Brewery Tours,2.5,6,Santa Barbara,CA
GRqPFmstPY7k8EBxEJ8i4w,Pennywise Market,4.5,12,Santa Barbara,CA
TCWnTa69sJ3vGQsdEe3Esw,Uncle Roccos Famous NY Pizza,2.5,317,Santa Barbara,CA
7wSnkgOORRCqVDa_n8Upxg,Garrett's Old Fashioned Restaurant,4.0,510,Santa Barbara,CA
oGDGlUbOjHxmmCh8ZYcDCg,The Lark,4.0,1520,Santa Barbara,CA
mdI-2l7dlqcODbVNIWEQBQ,Matilija Pure Water Systems,3.5,24,Santa Barbara,CA
efySo0N7XEp4IeefjX8Muw,JJ's Liquor,2.5,12,Santa Barbara,CA
pUeTnGsnVi-H8RJ6prFFgw,Little Caesars Pizza,2.0,24,Santa Barbara,CA
FrxcwylzrO-ZnzxtiyUdDg,Santa Barbara Wine Collective,4.0,83,Santa Barbara,CA
kBqyg_L_Xn9jQTCHYODbRg,Skyenna Wine Lounge,5.0,90,Santa Barbara,CA
8_r9EZL6vX5fPBoVh3gUrA,La Playa Azul Cafe,4.0,318,Santa Barbara,CA
ut45DX7-QaOWLzYRlBSbGA,Blue Agave,3.5,153,Santa Barbara,CA
v4lz71o76wWD8H15NsbZGA,Figueroa Mountain Brewing Co.,4.0,425,Santa Barbara,CA
Y57sylYCgq2VQJuBCnjPfA,Oku,4.0,429,Santa Barbara,CA
XgehM3pBZWuXi45J2dqRJQ,Green Table,4.5,319,Santa Barbara,CA
WC53Z0z4g1wauYe3xnhSGQ,7 Day Nursery,4.0,30,Santa Barbara,CA
fqStx0SvwMFChX_HIdUeEQ,Wine Cask,4.0,322,Santa Barbara,CA
DEmAmcR4xNilT5WY5ImEFA,Vegan GreenGO,4.0,273,Santa Barbara,CA
WrU1ZYN4jlYcL5mvJrQsCQ,Night Lizard Brewing Company,4.5,133,Santa Barbara,CA
bf32KWp9yvN-WT8c-QtbzA,Municipal Winemakers,4.5,260,Santa Barbara,CA
04Ss49U_QKYLotcJMAH8cA,Ike’s Love & Sandwiches,4.0,97,Santa Barbara,CA
LuPK46HMxRYEVTXVbBCR1g,Sama Sama Kitchen,4.0,477,Santa Barbara,CA
spm1KEE-5jAJVTE0ldpzFA,Sweet creams,4.0,6,Santa Barbara,CA
w9fhhGNDCSub7WiQqcixeg,Conserv Fuel,3.5,12,Santa Barbara,CA
3GcXSZQ65Np5N1N4a-DK_w,Restaurant OPEN,4.5,98,Santa Barbara,CA
QcMPEiTXY2wS5dKZdzIW0w,Whitcraft Winery,4.0,34,Santa Barbara,CA
gLNf3zUydIKc_cvUll-6gw,August Ridge Vineyards,5.0,34,Santa Barbara,CA
5p_14QRkLFd6QyhpPzfW3A,Left At Albuquerque,3.0,26,Santa Barbara,CA
HOXbILWYZJkNUYYzYK_tZA,Arnoldi's Cafe,4.0,291,Santa Barbara,CA
FNT8JRNUh841qOvKhCC1NQ,CVS Pharmacy,2.0,25,Santa Barbara,CA
xKTf7byzX_zZjMsF2ZcXfw,Savoy Wines,5.0,7,Santa Barbara,CA
7yR4oQcapZBKCkRLB3Isig,El Torito,2.5,180,Santa Barbara,CA
wb6rAxDPWP_5AAl3CKCM1w,Insomnia Cookies,3.5,75,Santa Barbara,CA
yPSejq3_erxo9zdVYTBnZA,Los Agaves,4.5,3834,Santa Barbara,CA
EoLzj1yciIjEZS9ZEJe_kQ,The Garden,3.0,85,Santa Barbara,CA
1NkWcNHFxi2YaV5yjUlJUQ,Santa Barbara Tasting Tours,5.0,18,Santa Barbara,CA
5Z3uvoIoOFUzTmrBmIJv2g,Nona's Italian Deli,3.0,37,Santa Barbara,CA
j6F0mMGgp4THEAzhylPrGQ,Slate Catering,5.0,6,Santa Barbara,CA
nB0dV8yPv29F3-CFMPG8cw,Joe's Cafe,3.5,726,Santa Barbara,CA
LwCcNUqX-BEMBd6Xj-JlvA,Los Gallos,4.0,51,Santa Barbara,CA
sHpxBos5-7GNkaMDZ3fnGA,Cheese Shop Santa Barbara,5.0,5,Santa Barbara,CA
8QvcM8Nvwite-DOgdYllOw,California Wood-Fired Catering,4.5,5,Santa Barbara,CA
UuRZpgZsHX7PyykHV3wbZg,Crushcakes & Cafe,4.0,761,Santa Barbara,CA
NDwoKO79_T49UEKVDlHd3A,Sustainable Wine Tours,5.0,358,Santa Barbara,CA
7tO1ZfWN6OEo1pWtdgxfqA,The Melting Pot,4.0,11,Santa Barbara,CA
Id8LiSdQ9FbHzwxxUHwGjw,UC Santa Barbara Soccer,4.5,5,Santa Barbara,CA
AXC__4yZrn-N3BT7-2bV_Q,Biergarten,4.0,104,Santa Barbara,CA
011vcXzrmB86rXoVwCJiJw,CVS Pharmacy,2.0,23,Santa Barbara,CA
mYofSuxrIrPS2Gjsu-ZI4w,Eller's Donut House,4.5,47,Santa Barbara,CA
mwsA08gpaEALG3C1ZI4ktw,Au Bon Climat Winery,4.0,82,Santa Barbara,CA
mQ9CsjWobwak1PMvZTSPQg,Jersey Mike's Subs,3.5,28,Santa Barbara,CA
wxdpQV7CZHn6_DFr-JGUgw,Rori's Artisanal Creamery,4.5,289,Santa Barbara,CA
kbWKwvLXfJm5sLVfw-Foww,Jill's Place,4.0,325,Santa Barbara,CA
edDmC1Zcr5SVczbKBfiXqw,Montecito Village Grocery,3.0,25,Santa Barbara,CA
eHRzuUXA2jrR99ecioWU4g,Union Ale,3.5,207,Santa Barbara,CA
wWbfjQJ_y4m68pwPAUmCqw,Kalyra Winery,3.5,143,Santa Barbara,CA
jh40gx3wcYX0NL_i2Dip-A,Sal's Pizza,3.5,80,Santa Barbara,CA
2YnQAJdeFrcgPa8MqIYcDg,Cody's Cafe,3.5,294,Santa Barbara,CA
uwVKlJUxamf9NsDt0L1RuA,Lassens Natural Foods & Vitamins,2.5,22,Santa Barbara,CA
WUGRmrfSzQCyeG6mYAM-vw,Yona Redz,4.5,125,Santa Barbara,CA
_ecVi-tVoaKHKYxNkxFj7w,Dave's Dogs Grill,4.5,365,Santa Barbara,CA
Ji3XN5gL1aBlbhtFEGpMFA,Mollie's,3.5,135,Santa Barbara,CA
8Lbz0hfE4MWzd7yDu9atBA,Uncorked Wine Tasting and Kitchen,5.0,146,Santa Barbara,CA
Tw5tderBUFzj7fRLVZm2Bg,Pure Order Brewing,4.5,82,Santa Barbara,CA
u9oG6CVhS9dJR5ZHS5q23A,The Little Things Bakery,4.5,127,Santa Barbara,CA
5t5fKwgnfaT-ScmfTcxwHg,JJ’s Diner,4.5,65,Santa Barbara,CA
KIpghikMrBbxx75tx_ZJUw,Starbucks,3.0,13,Santa Barbara,CA
k1XGvBoPAXdPoGC2W-f2aA,Kanaloa Seafood,4.0,225,Santa Barbara,CA
B_q2xoAgTyn6U4YNEc3kSw,China Pavilion,3.5,348,Santa Barbara,CA
5uS6ae15iFVUN3OdEiMJnw,Who's Your Trolley,3.0,10,Santa Barbara,CA
Dr2tI5lPLiXQrE0iZRim9A,Kotuku Elixir Bar & Superfood Store,4.5,38,Santa Barbara,CA
M9kbUs_xPc9HnU-O6qZX1g,Lettuce B. Frank,3.5,20,Santa Barbara,CA
w79qtK0PpeDWrnY7E-uTRg,Taco Bell,3.5,28,Santa Barbara,CA
UQZe-qWOpGiyEPsTUko5Rg,Rascal's Vegan Food,4.5,25,Santa Barbara,CA
nx01nL2of3ngBwA6XZYqEg,Hotdog Mini Mart,4.5,5,Santa Barbara,CA
i5C6RVgr03HSrgCl8oa1Fg,Patxi's Pizza,4.0,730,Santa Barbara,CA
E451ihy72tsLMAxbpPa0WQ,Little Corner Store,4.0,11,Santa Barbara,CA
lXgITG2Ji6mhAPOmw4TRng,Romanti-Ezer,3.5,288,Santa Barbara,CA
EwaakynaS06R64xY8xM57g,BYOB! Brew Your Own Beverage,4.5,9,Santa Barbara,CA
Ss6f5v_t5Vddiaz4ZOxL0g,Andersen's Danish Bakery & Restaurant,4.0,1106,Santa Barbara,CA
3fH5YQKRJu55TFPnMhv1ZQ,Freeman's Flying Chicken,3.5,30,Santa Barbara,CA
zWwGjQlUEiLS7hCXDkBGzg,Greek House Cafe,4.0,40,Santa Barbara,CA
-BdYhP-12elmFV7oB1iv4A,Corner Tap Room,5.0,41,Santa Barbara,CA
vDBfhX1XI4uRWBCQQNRsUg,TAP Thai Cuisine,4.0,141,Santa Barbara,CA
ty7akyarO89CLNFjArzLMQ,Music Alley,4.0,7,Santa Barbara,CA
WH6JNvJryAn6tTYVrKHktA,Rockin' Yogurt,4.5,146,Santa Barbara,CA
agXGQ4DH4SqxtJxBHKjWIg,Muddy Waters Cafe,4.0,48,Santa Barbara,CA
ws0mjFrkanX_sXoUVRh8Uw,Jitters Coffee,3.5,63,Santa Barbara,CA
uGT2BZKB3t8Fi6vFTyM7zg,Jessica Foster Confections,4.5,19,Santa Barbara,CA
Gl3XO4ECKKli8-bKKdkkYA,KFC,2.0,36,Santa Barbara,CA
TI3Rydw47yBMzY1oW2wJUg,Elsie's,4.0,152,Santa Barbara,CA
v5M6gYtiaGG5zuvAVSxNTA,Pizza by the Slice,2.5,5,Santa Barbara,CA
l6rgXoUfz4Wh_lAGxDiNaA,Still - Elevate Your Ethanol,5.0,6,Santa Barbara,CA
iQ_JNYzwvhSsToR4EHl4cA,Le Macaron French Pastries,4.0,52,Santa Barbara,CA
YgbIbmfDlB-bZSsjuIfKwA,Jack's Bistro and Famous Bagels,3.5,219,Santa Barbara,CA
VrQUskWkEnvKyyz_OkJZEg,Rite Aid,3.0,18,Santa Barbara,CA
QBNATcq7Stx9LxcSq16W7w,Jamie Slone Wines,4.5,210,Santa Barbara,CA
MJI-bNIn3QDgiGggm9Wp1w,Moby Dick Restaurant,3.0,871,Santa Barbara,CA
Kthnb7PjDSd7FsBp4wqoHA,Trader Joe's,4.5,85,Santa Barbara,CA
4D7QDfPOsSPfKxBi3gs_qQ,Olio Pizzeria,4.0,622,Santa Barbara,CA
BensdYRuR-zra1g3nBJFXQ,La Casa De Maria,4.5,12,Santa Barbara,CA
QNoFrASBpqW8dzdAEIYjNQ,The Brown Pelican,4.0,11,Santa Barbara,CA
5TCv4LXYmYCRT_yDEPXIpw,Hummingbird Wine Tours,5.0,5,Santa Barbara,CA
R6NxHoRRK5Y4ishGsLrGwA,Restaurant Mimosa,3.5,23,Santa Barbara,CA
uozdxwCZUHPubziu76Y2Ag,Farmer Boy,2.5,31,Santa Barbara,CA
NDXzpmyFOplbH14fTqqn5Q,Scolari's Food Co,2.5,6,Santa Barbara,CA
JiBxL733qjm8WAddu-RzDQ,Broad Street Oyster Company,5.0,71,Santa Barbara,CA
kpP2NhrCEabTWk9kfZdLbw,Shalhoob’s Butcher Shop,4.5,62,Santa Barbara,CA
Y0izXh4Dv1_YU68tn43Xiw,Handlebar Coffee Roasters,4.5,221,Santa Barbara,CA
l-rGtJt0E7PAklT0IK7oFQ,Four Seasons Resort The Biltmore Santa Barbara,4.5,508,Santa Barbara,CA
qZb4ltF4lJxmzCm7IK_E1w,Plow to Porch,4.5,9,Santa Barbara,CA
EA4v61tJCHg8xhk7bqn8Yw,Grocery Outlet Bargain Market,4.5,32,Santa Barbara,CA
YnC3GioeL6aVCFD3ut2hYw,Tuesday Farmer's Market,4.5,11,Santa Barbara,CA
xGaYXbXGwagUKPNEaVqbWw,Eller's Doughnut House & Bakery,3.0,71,Santa Barbara,CA
alzPS7bo3yp3yystK62g2g,Twenty-Four Blackbirds Chocolates,5.0,20,Santa Barbara,CA
B1yPXzIIJrLWyTcE4jsYuQ,Goat Tree,3.5,311,Santa Barbara,CA
0CHIbqSkGWBr2KMkIUocEA,Viva Modern Mexican,3.5,659,Santa Barbara,CA
skY6r8WAkYqpV7_TxNm23w,Boathouse at Hendry's Beach,4.0,2536,Santa Barbara,CA
eA1-vRvk8eDf-nH9Ux_G_A,Whodelicious,3.5,41,Santa Barbara,CA
0WrdiQ4qJBu2Gc7wRcIfdw,Tupelo Junction Cafe,4.0,1024,Santa Barbara,CA
RXA9eUawmrYkToXhjKHyIQ,Yanni's Greek & American Deli,4.5,58,Santa Barbara,CA
gjCxTVItFxk46rCZ-YaiFA,South Coast Deli- Chapala,4.5,340,Santa Barbara,CA
wMZAnrfwV-qHiV5zdTSrzw,The Creekside Restaurant & Bar,4.0,296,Santa Barbara,CA
fiQxkb1pfPpvrr0oYYYBcA,The Daisy Restaurant,5.0,98,Santa Barbara,CA
ml-pKRhC6dHmRTnOVB6wbQ,The Culture Counter Co,4.5,19,Santa Barbara,CA
KU4zXPo6v8c3N_l14wivQA,Jade Restaurant,3.5,15,Santa Barbara,CA
TYVln68leW7BYuVksFyB5A,Sevilla,4.0,12,Santa Barbara,CA
BErYojCJSO959vzaz9JclQ,Savoy Cafe & Deli,4.5,571,Santa Barbara,CA
9mFXgiTMa-mdaqmxA41t6A,The Point Market,3.5,10,Santa Barbara,CA
xRapA2lG7mjJ6eOqHmxe-A,Blackbird,4.0,155,Santa Barbara,CA
YiSr-W5BBX6uXnhWPxk82Q,Hoffmann Brat Haus,4.0,417,Santa Barbara,CA
54oLdsGU9B8HxFTqCCqV-A,Via Maestra 42,4.5,589,Santa Barbara,CA
r8tU21scBflMxWiBESPtRQ,Shang Hai,4.5,200,Santa Barbara,CA
RjOnk_W82F2brYtpDZ59MA,Cubaneo,4.0,133,Santa Barbara,CA
5YKOs_VGFHgUv7DSMLaQeA,Finestra Cafe,3.0,5,Santa Barbara,CA
3tvi-OJ_-iK1ecjzSaH-oA,Hook And Press Donuts,4.5,217,Santa Barbara,CA
nhOMsw22-rz9kXSKwBZYAQ,Miracle At The Funk Zone,4.0,8,Santa Barbara,CA
q2Ao2HQyhvcT9UG-5-ZGYg,Captain Jack's Tours & Events,4.5,310,Santa Barbara,CA
gUvG-W-02lg5M1RY6n8bkA,Lilsy Wood Fired Pizza,4.0,46,Santa Barbara,CA
fApb6LKfOdy5u7MP0hsHKg,Kyoto,3.5,260,Santa Barbara,CA
tzR6CHZNmnXzADX-SoM2sQ,Grapeline Wine Tours,5.0,112,Santa Barbara,CA
OFfJsY9KeOyelk46m_jzzw,Blue Tavern,4.0,137,Santa Barbara,CA
9dYarThtZVX4PvmtnFIrxA,Mother Stearns Candy,3.0,41,Santa Barbara,CA
PtaFDKkhxSjcXz6dVM0uLw,Deux Bakery,4.5,48,Santa Barbara,CA
PgtqA056auCp5EbcZMbXPQ,Trattoria Mollie,3.5,204,Santa Barbara,CA
_urnEsYdKg1wt057-8yA9Q,Globe,4.0,54,Santa Barbara,CA
aZF_j037W3AhvKKbXGdIQw,Violette Bakeshop,5.0,15,Santa Barbara,CA
cyaDjqjhtRbpd5Og5dFoZg,Boondocks,2.5,5,Santa Barbara,CA
Gj6qT1khVT0h0gHGuKeHxQ,Rice Garden,3.5,5,Santa Barbara,CA
tiSIiacOzflrMMwJEXVFIA,Dunkin',3.0,93,Santa Barbara,CA
2GiqDUNiTt5__ixRbzbqFw,Santa Barbara Harbor & Seafood Festival,4.5,22,Santa Barbara,CA
6m4A_ciUZn1G302yx1YV1w,Santa Barbara Public Market,4.0,270,Santa Barbara,CA
2CqQ3Tnvj7h0rw84WEEjMw,Killer B's BBQ Bar and Grill,4.0,191,Santa Barbara,CA
eanjvgtX8b-m_zgkO0YBDg,Tamara's Catering,4.5,19,Santa Barbara,CA
kcL3D2xK9_1Uyj8zRZMyvQ,CVS Pharmacy,2.0,66,Santa Barbara,CA
c12V0ARL6jmrmge1ZPf9WA,Ralphs Fresh Fare,2.0,112,Santa Barbara,CA
dkknmgSHWyVaahT8u4ikZw,Catering Connection,5.0,48,Santa Barbara,CA
KSYONgGtrK0nKXfroB-bwg,Loquita,4.5,914,Santa Barbara,CA
Qfb1ZgV43eHTZeR4x5fAUA,Verdé,3.0,8,Santa Barbara,CA
GuzbBFraIq-fbkjfvaTRvg,Mesa Verde,4.5,1796,Santa Barbara,CA
ODvaMIpjD6bHiwQ9-kmECw,Vices & Spices From Around the World,4.5,81,Santa Barbara,CA
cmm6BmxVPcwcAOC9gQxT0g,Giessinger Winery By the Sea,3.0,93,Santa Barbara,CA
B3dzK9OqrT_sN0FNQs_OgQ,Spiritland Bistro,4.0,51,Santa Barbara,CA
9_uigKs9GCwg9dFKkq_Kfg,Starbucks,2.5,74,Santa Barbara,CA
vyNMRa4U9gnrCzqR707GZA,Back Door Deli,4.0,6,Santa Barbara,CA
q-1ICFSqs2MwDGfe5tX-SQ,Yellow Belly,4.0,337,Santa Barbara,CA
ezecrJKXHg4MgKVMHeAJ1g,Santa Barbara Wine Spa,3.5,69,Santa Barbara,CA
yM7eA2uuH3Ch7OYVj3PKSw,Wabi Sabi,4.5,82,Santa Barbara,CA
CF1Gj1KGL13QcDkUwOvS3g,iGrill Korean BBQ,3.5,38,Santa Barbara,CA
WsPUYM-M3Xy5qVbfTkXNFg,The House of Clues,5.0,109,Santa Barbara,CA
wAPXYljzn9YDTvQqqL54pw,7-Eleven,3.0,8,Santa Barbara,CA
lbHEB5BIm-3GfpvdzSwFLw,Billies,4.0,8,Santa Barbara,CA
-nwNPb3G-0L95igrhkvMtw,Panda Express,2.5,46,Santa Barbara,CA
PsO9LleYQJlFc_r-DJxVzg,Taco Bell,3.5,30,Santa Barbara,CA
hlb7WwqcCijqqbp8zye1dw,Noemi Pizza Romana,4.5,41,Santa Barbara,CA
J52h9uXJgEKyIz0iq8S0Xw,Piano Gastrolounge,3.5,23,Santa Barbara,CA
QLHgjBHBoeIUoEvIPvjHnw,Mesa Burger - Santa Barbara,4.0,442,Santa Barbara,CA
Qkg16mN-8QR66gjzg6gMyw,Convivo Restaurant and Bar,4.0,445,Santa Barbara,CA
T_TX4Lx03Juo4pHF5cMYuA,Ca'Dario Pizzeria Veloce,3.0,34,Santa Barbara,CA
fVUurZgbWXzp2QzDzJzmpA,Pickles & Swiss,4.5,1213,Santa Barbara,CA
vyOVT4bcW227LRwJGHTeSw,Buena Onda,5.0,414,Santa Barbara,CA
HKHz6u48Qgftwk_VRkLqSA,Riviera Market & Liquor,5.0,12,Santa Barbara,CA
r2IhvKZQ_wLR5mLBnPOilg,The Honor Bar,4.5,557,Santa Barbara,CA
U1Gc3wKN5viu_e68KJVOdQ,Wingman Rodeo - Milpas Street,4.0,147,Santa Barbara,CA
Qsoq2TGOe59LZy7z6KbQjA,Domino's Pizza,1.5,56,Santa Barbara,CA
hDr_bt6MEwlGvGCCKzyzhg,Goleta Coffee Co and Loca Vivant Kitchen,4.0,187,Santa Barbara,CA
HrnSaz2f1WUEoAQQ6iD6gw,Lemon Tree Inn,2.5,270,Santa Barbara,CA
Hlx8S2GLF7hMuIKx4sU-gg,Cesar's Place,4.0,117,Santa Barbara,CA
bVaRZDHkWdsHuARGxxpREw,Sushi Bar 29,4.5,97,Santa Barbara,CA
XPkkWyAkkPeH-PqXmBMmpg,Santa Barbara Tours & Experiences,5.0,5,Santa Barbara,CA
TnN6TVmwCdfYccb10lCwSg,Better Body Sports,5.0,8,Santa Barbara,CA
eneANX6b3SuFqxvRIb4yeg,Bev Mo,3.0,37,Santa Barbara,CA
izSgTrqebu8bN8ONOCs6cQ,Oat Bakery,5.0,123,Santa Barbara,CA
IRBhPAC4ZoDpXazpoB3epQ,Good Stuff Baked Treats,5.0,9,Santa Barbara,CA
TSwMwVq5GtQh5LW2t32uGA,Woody's Roundup Bar & Grill,2.0,6,Santa Barbara,CA
Bo-GGwQNcLVwyKeYkbfAYg,Vino Divino,5.0,19,Santa Barbara,CA
uriD7RFuHhLJeDdKaf0nFA,Pizza Guru,4.0,299,Santa Barbara,CA
