business_id,city,state
IDtLPgUrqorrpqSLdfMhZQ,Santa Barbara,CA
SZU9c8V2GuREDN5KgyHFJw,Santa Barbara,CA
ifjluUv4VASwmFqEp8cWlQ,Santa Barbara,CA
-kY_HDP7IMvGl-kBIZVU4A,Santa Barbara,CA
-ujBP1Dw0j1-Ffaz97-LXQ,Santa Barbara,CA
UFpCraqzFBAhtZqmxmiWsA,Santa Barbara,CA
Hqz96v1ymucUKNzIWfEKXw,Santa Barbara,CA
JWFpjvCc_nkNDVtMPx1ZGg,Santa Barbara,CA
TZ-bgvsk189WywTLFrqfTQ,Santa Barbara,CA
9L-MR0arflwFMF9szEBOOg,Santa Barbara,CA
aYMpjij5ShtEoZueMrQPRw,Santa Barbara,CA
PaqDZUu76fZtMvcYqCEBig,Santa Barbara,CA
GgcvRnt5_z3NEC0D6vNncQ,Santa Barbara,CA
N-CBZKO37y_WSUN7ZMNGkg,Santa Barbara,CA
nTZuJSfwCoNOyA1yS3rbOQ,Santa Barbara,CA
oXP5aohLv5e7R4eahaGXkQ,Santa Barbara,CA
lTVHJAvtFQbQb6cPstEXyA,Santa Barbara,CA
Ey0t4U6yqtxCeMaGPf7GcA,Santa Barbara,CA
qdpdUjdkEUpzYDdce2yZng,Santa Barbara,CA
bjhCtlYHrkgA5Ku8l-rB3g,Santa Barbara,CA
pUVRCYL8rT4I5Ry5FYkRsA,Santa Barbara,CA
1mqNI-eS2fnQv9kQn5yB4A,Santa Barbara,CA
j-lxie7nEh3UeUTpiqekkQ,Santa Barbara,CA
MAIfD4kJDCydgoD1l2b_vw,Santa Barbara,CA
jW4a3W9-UkFxpglHvo_Kqg,Santa Barbara,CA
3RtMd3VZ21WL5auDr6Jp9A,Santa Barbara,CA
q6661I3CGW0UB740E5Zjfw,Santa Barbara,CA
a1E2BPYnufFzb6YX2pplJg,Santa Barbara,CA
YB689VFiOlzUTBRPiauDFA,Santa Barbara,CA
sxuv5uZU15UHGT_HB1xYxQ,Santa Barbara,CA
Qi-A4ZgcEuSnq_8Fpfo_3Q,Santa Barbara,CA
HQ-C47_Xi5it1KzwEc0u0A,Santa Barbara,CA
q75UQjNm6AEK4XNnkDLxTQ,Santa Barbara,CA
Dp9Jxlocw7cnos9fE7HKIQ,Santa Barbara,CA
FDTwPQ4CNWEOY0rfh4eTzQ,Santa Barbara,CA
wuzoQhym6ll3fjAiVgIJbw,Santa Barbara,CA
iHdrLu8deF5GceB0V1rPhA,Santa Barbara,CA
SaUbh0sMSev8gKNJYtC76g,Santa Barbara,CA
Nv6ruFQa6AG6g8f-_IxFCw,Santa Barbara,CA
PPcz-0UtIJ8O7xDT551y2g,Santa Barbara,CA
2bl6G1zgXUHbMGwEocqMSg,Santa Barbara,CA
9JR9Ht6IX1r2jPPG689JyA,Santa Barbara,CA
zbrIMldF_O1ZQ0vpUaaa8A,Santa Barbara,CA
29YqJwOGEuAWqlHZxMc1OA,Santa Barbara,CA
HFhjwiTaIzXrKCPiN5EXmw,Santa Barbara,CA
KiE0h68HGOO7ZXAqkMBdiw,Santa Barbara,CA
fLk_N8vU25DNZmbU-70gkw,Santa Barbara,CA
-Fka99c-tJ-epWYNIobqyQ,Santa Barbara,CA
ycbmvmBYk4w_ZmdrPL0tBQ,Santa Barbara,CA
XwnkfMUiyH-OsJXbmbOK5g,Santa Barbara,CA
0qu0fNTOsSmuREYVIMPuIQ,Santa Barbara,CA
uO39--k_hrCFgZh-Bl8m8A,Santa Barbara,CA
lq7dE9c10OvRfd_edJoyMg,Santa Barbara,CA
fnGZspqyamRremXor0sAyg,Santa Barbara,CA
3-dQbvti2EpSfs9jKcyIjQ,Santa Barbara,CA
D1OT9vuepvXJrn5VDgm4YA,Santa Barbara,CA
cVW9b_1bqsvTU1jhGNWUsw,Santa Barbara,CA
wFES5bGDiPANW13hNHnXOQ,Santa Barbara,CA
tOd6MX3hSuMyQxMK3ZKBTQ,Santa Barbara,CA
Ea2N2vZirKywxylvVo9Xpg,Santa Barbara,CA
MbzgGsMQpGyVrUJXi_Jw0Q,Santa Barbara,CA
O6RCCmz8-x4NhWJpI8KQug,Santa Barbara,CA
eL4lyE7LNoXEMvpcJ8WNVw,Santa Barbara,CA
ygZyTUWS4dbVL8d6vAiN4A,Santa Barbara,CA
34Eqv8jXgxg_EEwcsNgeeg,Santa Barbara,CA
kZtl_NJjUnlIQgzFrBhXyQ,Santa Barbara,CA
zE8kXF0_2Twh4AhcewlFGw,Santa Barbara,CA
-3AooxIkg38UyUdlz5oXdw,Santa Barbara,CA
HMkjv277ZaW_2tZelEn6LQ,Santa Barbara,CA
T2otvNcawDSkhykOG2tOLA,Santa Barbara,CA
13UbOVDFdxloxaient5XWA,Santa Barbara,CA
k3lTRgvPvYUI-cX7_TAqNA,Santa Barbara,CA
1wvYBjX6radqmb_k0Fv_Ug,Santa Barbara,CA
IUgQmteI-mbt_qjL2ZENKA,Santa Barbara,CA
vsrryxBR2Jykl71qa1H6SQ,Santa Barbara,CA
7IdIGemGZodDAA_9mJCigA,Santa Barbara,CA
xIGiif0TmmmGuV2-sidMSw,Santa Barbara,CA
syuKX2pH3JJhOOppzNI6SA,Santa Barbara,CA
pwblP3G6LkVT03I4z9kb0A,Santa Barbara,CA
BdyPaxmB3O9Ngp9W09GrjA,Santa Barbara,CA
ZCURd9PiH4qdEjQfrIZzFg,Santa Barbara,CA
qyS7KHJNRR_1x-zIhDScBA,Santa Barbara,CA
CWdCNIJU4Kh480NV9dgQjw,Santa Barbara,CA
W5-2F8kftKARrEPLhQaZ8A,Santa Barbara,CA
I0jFTYVDs-WHwKR2XHQlRA,Santa Barbara,CA
4g7eZD8PYvUEwROZeXxA-w,Santa Barbara,CA
rxH22mT81ht_n3cGTbWi4A,Santa Barbara,CA
n6reYUBVF9buglcojgB0FQ,Santa Barbara,CA
gebiRewfieSdtt17PTW6Zg,Santa Barbara,CA
zu4p6IZLSVn2Noto-vcwzw,Santa Barbara,CA
jLn69WQupjsDKrbPw_nlGQ,Santa Barbara,CA
dv6tq79a0PhoFphStXkqcQ,Santa Barbara,CA
6VVbLYay8czrjKJ4xRoTxQ,Santa Barbara,CA
8-ZExybRuyyXZf6aESgc3g,Santa Barbara,CA
4KAuy-zNBxD9QvnkldwEww,Santa Barbara,CA
jZncFsMQdrq268OHq_Q6uw,Santa Barbara,CA
R93mEcQ1pjq7q3LzShi3ow,Santa Barbara,CA
NIQWO-Q_F598XlAvZnFVCA,Santa Barbara,CA
BEzvmorW8ILha6tcSxBBwA,Santa Barbara,CA
iiJE62zfvy2gYtD-77Av8w,Santa Barbara,CA
6cnHwjHLcAtIuMN0C6Kpbw,Santa Barbara,CA
92NfqTHsKn_BRqCBV4phrg,Santa Barbara,CA
VOhZZ_8YhJ1mw8zmuw4k-w,Santa Barbara,CA
vh229jJXjCCdO-b4K-JIIw,Santa Barbara,CA
eukRpR47MDH4XXfU_Dul9Q,Santa Barbara,CA
4_JJl_mlIEI9Ui9rOHHwMA,Santa Barbara,CA
6afesz8yZhjOgijkWl4jig,Santa Barbara,CA
TUtf4FLtotdQDleYpRIfnw,Santa Barbara,CA
h7felG8kSEuYpkYBhMwCmA,Santa Barbara,CA
DEegOHB-VnPXsptrCf3qMA,Santa Barbara,CA
-fxH1XplVLVtWg2ZJWwRdA,Santa Barbara,CA
oq4-qHT6EJeR81GBDq1OVg,Santa Barbara,CA
AV40aCwMnAeMRJRdt2pFGA,Santa Barbara,CA
6HKIfenWg3zt2CYx4D5r_Q,Santa Barbara,CA
Js3m_GdqNUGnEgXJ8WMtfQ,Santa Barbara,CA
jshnKTsnoXLSez5XD1qo7Q,Santa Barbara,CA
EtGFDdjui_Hww78JU4XoXg,Santa Barbara,CA
GBD-YjcOD1nG0wv4L0Lvfg,Santa Barbara,CA
ntQxbe5eaSJ2zW3jFU9j2Q,Santa Barbara,CA
GmOfZHgU9fm75f1nmVZnNA,Santa Barbara,CA
jR3sTUWCPuOCWpdm8Pn-wQ,Santa Barbara,CA
1pd4VYTww1UWDVai2r2RKg,Santa Barbara,CA
tS47dXDlx9t-6B_F56cKUA,Santa Barbara,CA
0jpFptAehZhLl3nkhHDanA,Santa Barbara,CA
3lty2YUwjp61iUqNgKVEMw,Santa Barbara,CA
_uAEKIr-7CIkaYWvG2U_NQ,Santa Barbara,CA
-TArOdux8Z4oH-jIM1FJuQ,Santa Barbara,CA
_dNk5IpkVVyN2nWMXTA2eA,Santa Barbara,CA
c1xuic_qvUfSIr-if6nSUQ,Santa Barbara,CA
XHxAIQR-QAz6j1RMaz_J1A,Santa Barbara,CA
nMn4CTJQPXqpgLltYQrxMA,Santa Barbara,CA
9YFeX5sbn785n31iR3I77Q,Santa Barbara,CA
Ksz_jsyyK3Zjlq_Cz81ZBA,Santa Barbara,CA
ejqpFQ0dwO7AZhxTO9fySg,Santa Barbara,CA
ghLjxj4HoSHdflBEz2lIqA,Santa Barbara,CA
5lGOPqwxBNR9hfA9mFr2vA,Santa Barbara,CA
V8dZigOlI5fjpRxgOWwY3g,Santa Barbara,CA
idi-W3_au-lXyJQmHTmhAg,Santa Barbara,CA
MG0IlmvAILSzRE4E1gk5hA,Santa Barbara,CA
gaNQrd95h2-4TZaUDPTAIQ,Santa Barbara,CA
6gAZriMqRfI0d4hse5o1Yg,Santa Barbara,CA
C-aATB7SbuwMBPN5dgjghQ,Santa Barbara,CA
EtM079Cj7-B3G7jPsGYb_Q,Santa Barbara,CA
RW3nH6Au6pSCWxJhiGY03Q,Santa Barbara,CA
jfRq1KtjEGyPoMo9HZVw2Q,Santa Barbara,CA
e8NRt-1C8eI85C59pKhJuA,Santa Barbara,CA
23OxrUaCvvVrwSa1z3xG-w,Santa Barbara,CA
dH25EekV4GqpcfH3zE5k2g,Santa Barbara,CA
Slg6Ec2D7vEBRmgVUfwkzQ,Santa Barbara,CA
fiXeirZ9GpJxe7yRpuKiBg,Santa Barbara,CA
f6eBJT2jiXXBkrlHdJMbcA,Santa Barbara,CA
d9Vnq4kSgwD-uytxz5wViA,Santa Barbara,CA
VC4jqq8Hu1_RjBFt8nHD2Q,Santa Barbara,CA
RtJC7xavgAxOITQyAlGCbQ,Santa Barbara,CA
_ywevgEtI1SpZBtY3rILRg,Santa Barbara,CA
1xsBRB203LiYLcC3mktfdA,Santa Barbara,CA
OHG0Lj5xgw5Q3UCQJ_4_jw,Santa Barbara,CA
ZmQHzv1pf0fbk-tm8lu0EA,Santa Barbara,CA
1pYZMmpdy2MviWBbagMwbA,Santa Barbara,CA
6HTGlttrzCMsuGBHO1ZGiw,Santa Barbara,CA
mZ-pJSdAVrBa7ioXVzE7-Q,Santa Barbara,CA
B3kpvT4oLJdQmU9lPnxdKA,Santa Barbara,CA
HUGDGGMCUYBAMtUpJohTqQ,Santa Barbara,CA
jfW3_wYOj09pCOHJQB74_w,Santa Barbara,CA
52ov7d0148JvYG78_c-Bsw,Santa Barbara,CA
BaWVwChTW_MqkKru_WZp3g,Santa Barbara,CA
tSmUxIto8yAqijDgsjLBRQ,Santa Barbara,CA
j8tjQlMu3I-qia241vTEXw,Santa Barbara,CA
lu2UpRHLBZfvLG_caNEHKQ,Santa Barbara,CA
cEN8j6jL0OJ0zhe-AX58Hw,Santa Barbara,CA
PWWGbkPC_agn-4s1Hv1W5A,Santa Barbara,CA
gsXBNWHWhHv_f9NcwpVajw,Santa Barbara,CA
pQ7eCSOtLI3CaZX-TEvX4A,Santa Barbara,CA
qS7uSZdQ3f0HqYSSaiYQ3A,Santa Barbara,CA
12Gc4OFQ-WAW0fAk2hRZuQ,Santa Barbara,CA
agXY9uFaWAhIzwWsRZB6gQ,Santa Barbara,CA
pqF3WkYktbR28uk2PSR7Rg,Santa Barbara,CA
rlfWeYI1SLvC8ZKM_OvXWA,Santa Barbara,CA
7kLn2XsFwyJ-yFn4qx40TQ,Santa Barbara,CA
68hzATbPYhATdzuNeqW4aw,Santa Barbara,CA
6RBZfirnzE4NahJTn1UPNA,Santa Barbara,CA
aIDRH4eKKBV0Je_W4y83sw,Santa Barbara,CA
1U8Kt44FIkC7RnJsNjaMTA,Santa Barbara,CA
p2kC-cD22QAQzIGD8ZuqFA,Santa Barbara,CA
a32M9H9nkkPGKTKB5W27NA,Santa Barbara,CA
_o3AtnA941ClNRa8Rx7c-A,Santa Barbara,CA
dQ6d9H7rnFSOSC_FXbJ_FQ,Santa Barbara,CA
vTXNVK73GOvVb3js4w8SLg,Santa Barbara,CA
7grEnJV48N6BxbEP3uxISA,Santa Barbara,CA
S7Cl9gYqaC9jlw32yd4_Yg,Santa Barbara,CA
yHtS6dj20tl3ht32w6K6Qw,Santa Barbara,CA
gdEZfd6RFXYmmXX71RDvbA,Santa Barbara,CA
L8rhRyXtpq2nCE0il1KN_g,Santa Barbara,CA
sZHLbLnw1vwHF1xDzuV1iw,Santa Barbara,CA
eFn-8QlFGdkT_B-bWigtFQ,Santa Barbara,CA
zMBRkUqig4kXaqS78DEb1A,Santa Barbara,CA
4xBkP-W_WaOzBiP8yD7yvg,Santa Barbara,CA
E8tiSAB6O4TPeVdKR0K5Ug,Santa Barbara,CA
lqwbnNd_SXzkIK_pkU2FkA,Santa Barbara,CA
M3LZKA-tVFRJyPeKA3_2OA,Santa Barbara,CA
CUWituEeIX3xA0xU7X82Ow,Santa Barbara,CA
AgiBcv5rKdV9QIO5yF7w8g,Santa Barbara,CA
6acxMT_WGbA-cUN5RXpIfw,Santa Barbara,CA
WgOoT_oNQ6o5xjF8jO2rvA,Santa Barbara,CA
w1l5vu31SJgPLTp6nlLWEg,Santa Barbara,CA
QS0a4snAEc-zdLeLIgTaHg,Santa Barbara,CA
E1R-xslwl7XeTN5lQ7mWPg,Santa Barbara,CA
RHgj2ssSXnS0VA7DRvKomg,Santa Barbara,CA
YGgGefpPTFhgthvQvMAGoQ,Santa Barbara,CA
2pBNVsJo3a3CPbInUu9lvQ,Santa Barbara,CA
3bZADX_g9efvqGXaAY7Kbg,Santa Barbara,CA
z6I4QVP1M1HXETgwD92XHg,Santa Barbara,CA
XkveGZ8pr9TL5bZCqmzuhA,Santa Barbara,CA
ZYqNIWch6Ik9wLZCa1hxkw,Santa Barbara,CA
Ce6B2-CYAjGvRZe3GKyxYA,Santa Barbara,CA
MX2YGruhd0sMNHZGK7p5-Q,Santa Barbara,CA
-loV4cB2Uh9TCltTRgGzWQ,Santa Barbara,CA
4uspKB1d3pGdgjOClA-UkQ,Santa Barbara,CA
IQPsL4ZKgYpvuN0BJn_yhQ,Santa Barbara,CA
YzcchXErwyb_8FL6bVPwEA,Santa Barbara,CA
mPKqBWLSD8wxJLJ_4juY2w,Santa Barbara,CA
nnn78cplvQGZSMVblpI5gQ,Santa Barbara,CA
tnoUVvJZRPcawXl2gTlWpQ,Santa Barbara,CA
PT99vOEnfEwfOly9YoWvXg,Santa Barbara,CA
okc-iCgWvKGa1DfQSOh1Ig,Santa Barbara,CA
FSWJmMXXKAXdL6mrc-DzBQ,Santa Barbara,CA
tGQytMbOXDdZS_OSK9hkBw,Santa Barbara,CA
WWVw3g_n2ik8yp1Xlh3qEQ,Santa Barbara,CA
XSL9RuLwRTyhNUwUo7WAPw,Santa Barbara,CA
H4Zf42Q3I8JyQ-V5l4dJrg,Santa Barbara,CA
UAy8Qc_T0CuHxQRiUMNN4g,Santa Barbara,CA
RKuAfE06rDcetvOTI5MbbA,Santa Barbara,CA
gMyj3DKvZJrMzuXv1p64GA,Santa Barbara,CA
upxQiiUF-6NM9jOJCxS_hg,Santa Barbara,CA
jZAU0OShjmcxIhkruFlZng,Santa Barbara,CA
Ch6O9z9_hHDACROLTr2JUQ,Santa Barbara,CA
2QvkOHC-pWGiAmvQ9xX64Q,Santa Barbara,CA
-8iATYRnN46Km0_-ldx6cg,Santa Barbara,CA
UDZxN93l5_ggUFeF0EEcYg,Santa Barbara,CA
AqOSpSqdocwtIjqTECW2ng,Santa Barbara,CA
FE5R_F7svUphKeUWuxA0JA,Santa Barbara,CA
yZPDj1vywxqvLp3ogdh-Iw,Santa Barbara,CA
WQnjp_CEYTYKBBKJDME0bQ,Santa Barbara,CA
LtxG9DTXCFpteVkD4SGBlw,Santa Barbara,CA
KobS8yqBelXH11gaIhZJSg,Santa Barbara,CA
OODq_Mki-e929E8NfPc7-Q,Santa Barbara,CA
zJpZ-uQ_F0XVgK1u98uWSg,Santa Barbara,CA
O3jPfTDRn5_1O3ZM_LuxQw,Santa Barbara,CA
apmw_lkLdwWbeYiI9ysdJg,Santa Barbara,CA
VgAKmXE8B7J0I_O_R13UKQ,Santa Barbara,CA
07yUvKzFb-yPzJKoT0zamQ,Santa Barbara,CA
D_PdJRvtr_syv1DtLIoM0g,Santa Barbara,CA
yw3vRR7XLIjEnlhMnVzR7w,Santa Barbara,CA
rlh6-MqKplp6DE42aRuS6w,Santa Barbara,CA
XyYsl2OyoMi6OMvzsdcVoQ,Santa Barbara,CA
JZrspVMm79n_iHTYftkI0g,Santa Barbara,CA
ZJ1rSNQ49v3nbG5qWgwojw,Santa Barbara,CA
RDjtVGc0c04ZIR6em1hCbQ,Santa Barbara,CA
qx2YTFXfVDwQUfOeWCFfbw,Santa Barbara,CA
TvBxBjed-iX6_22SwEYEFQ,Santa Barbara,CA
vhWlxyLEWAbNOMtQ42yzFg,Santa Barbara,CA
c_a38vt6v2tRq-VjdTZHZw,Santa Barbara,CA
ANMHEMoZqxjn7qjaNmYIrg,Santa Barbara,CA
noiUCN8A9Vdm9pUbWX6K-w,Santa Barbara,CA
PHSda9zEwtFicCICD6TP1A,Santa Barbara,CA
iAE5tMDs1XSudlEzG-Z3aA,Santa Barbara,CA
DV0BJwh9qzPqcxufrA_7ag,Santa Barbara,CA
cNvCXy9SaWjIQNEh3bc3gQ,Santa Barbara,CA
YXaCcpETNtxrNNK6TbUTlw,Santa Barbara,CA
UBK6zb5-XUETfVzYkRTj1Q,Santa Barbara,CA
LdXB3D3gl3ckxZutLmen1g,Santa Barbara,CA
Un-UDVOuv1co3TMmGaumxA,Santa Barbara,CA
2nF2syYoD5VBFk01le6NkA,Santa Barbara,CA
qUZ6PIkYCAsR8WPiHe16pw,Santa Barbara,CA
MsqmvxOvkOnofmLlFM1iHg,Santa Barbara,CA
OygPSSuDpubinWKKXWVKKA,Santa Barbara,CA
VUeRlNoPfxywzNxWHU2Tig,Santa Barbara,CA
z9-8KvMAlVK46De-G3sNJQ,Santa Barbara,CA
2OJqIloZMAZXCW3uzF8jJw,Santa Barbara,CA
i3pBufSYEgx3_nLxxRrtGg,Santa Barbara,CA
W7gSJz80DywKnPRIGjA2Bw,Santa Barbara,CA
V2cQOeZwPBmjpln6_p1Ygw,Santa Barbara,CA
P3cXIii05nXGTvwW0Zws6Q,Santa Barbara,CA
ZJrGrghbNx4WTPb5cL2GFw,Santa Barbara,CA
oJwMmSZKJOnMboZ_z67MZw,Santa Barbara,CA
z64NmuzWMMmJty6gE_3nWQ,Santa Barbara,CA
ERzIS-WRLw-80_B4yqcG3Q,Santa Barbara,CA
IZZ7J14VnJGyUqYH1tgT6w,Santa Barbara,CA
U3grYFIeu6RgAAQgdriHww,Santa Barbara,CA
-veGIq3SvwFMi5ZwMSIqkg,Santa Barbara,CA
kxxexMsFL4xJLIafhXXFlw,Santa Barbara,CA
NWwVZnCb8-Oh9QWWAb2T2Q,Santa Barbara,CA
oJsuZohTOk7oTiA7K3aqRw,Santa Barbara,CA
q36uZc2hQml10YGHazJaoQ,Santa Barbara,CA
nYPzsOjvida-ne7swSPHpA,Santa Barbara,CA
MmN1qpG224QxOeq72DpN2g,Santa Barbara,CA
9ugpNKKhnYRa51qXoxUw_A,Santa Barbara,CA
NMnn6FJkW802ldqdgScVxQ,Santa Barbara,CA
e63pcbZaXxSY_YyhBol-bw,Santa Barbara,CA
cAbdvzqtFLaAAMFIyPf2AA,Santa Barbara,CA
IXQH9-nnTWZFgBF0V3MH-A,Santa Barbara,CA
_l05Dd6BKBAiJKX71bLq6g,Santa Barbara,CA
iIwnJPJJMVExGDwRE3UhUw,Santa Barbara,CA
u3uB0GD7cVf5NC-AFHdwnQ,Santa Barbara,CA
IG-CwPl5mb6-hmpFjXUIvA,Santa Barbara,CA
5vIfUavd23X3lBzjnnc4QA,Santa Barbara,CA
v4AMcIZ--hXZuJIg3luUgg,Santa Barbara,CA
-r6nmLB5Vi2TLQCxh0_dtw,Santa Barbara,CA
Hj44PIrCtv61ETVclzLMwg,Santa Barbara,CA
NTWeW_PgQjIZ38h8St7mCQ,Santa Barbara,CA
ng12rnK6ZGFddlC15c6Pqg,Santa Barbara,CA
Qy6PgrvD6iYOtkd56ldTXQ,Santa Barbara,CA
i22asj2c65z6KDR5ochvXQ,Santa Barbara,CA
LgSEHsI9DKyeGVGtn61tEg,Santa Barbara,CA
mAqgsZBTN-wsShMpkz2o9g,Santa Barbara,CA
sor6oj-nuslOcSx7di4urA,Santa Barbara,CA
WuaB_R6EOFp0S8D5C8eKYw,Santa Barbara,CA
U2hkeMI-q4cS35QolJYN0A,Santa Barbara,CA
b2Za53CjptGyf9K0fFnrAg,Santa Barbara,CA
UCf1qieF9Lss61Te-Qnacg,Santa Barbara,CA
L9QTAucz_in5f-ufCrvb1Q,Santa Barbara,CA
iaLaRfHUysXkKd1iNCTWbw,Santa Barbara,CA
Aj44kUBmEfJlUsGCvKJKtw,Santa Barbara,CA
zVxDd79gdZcfz-O14QBCrA,Santa Barbara,CA
H5bsmYmdO3FBVQHC3jfx2g,Santa Barbara,CA
iOYjF9CY-X3KY5wS5opyfg,Santa Barbara,CA
3fpAmsSuEFNF29UUPpgwlw,Santa Barbara,CA
dDU-0EW4Asx-RnM-vULFQw,Santa Barbara,CA
8vMULlBjFJyS_836tOKnVQ,Santa Barbara,CA
4ejnTeRzv8z102DBIWjQLg,Santa Barbara,CA
0Qs-G8Xs-mz-jmQH5lez5A,Santa Barbara,CA
sjWf71VmU5HIwqX8RGCLJw,Santa Barbara,CA
Gz3vi3dVKMylBb8HV1tP8Q,Santa Barbara,CA
etqiTJ31Bl3Fuh3CWTSHxw,Santa Barbara,CA
LsniEK_m_Jbj7JMbT4eRxQ,Santa Barbara,CA
omnCKxL0f_akh0eYeJxjDg,Santa Barbara,CA
uQSCNdPI0dC_sPsOh1U8NQ,Santa Barbara,CA
z-9_8ot2TnKL9DX4k3MYMQ,Santa Barbara,CA
kfK0iQyhLIN3gOIzbLYwFw,Santa Barbara,CA
6EPPtwJR1kdIfHiCjzCzuw,Santa Barbara,CA
0iLgVQpBeIYYwQZIblTTVw,Santa Barbara,CA
1XoX4eLYyfK4b8l_TqiPUg,Santa Barbara,CA
fMWi5o0U30MK2JgvRl_blA,Santa Barbara,CA
ZyplC1MYtyPS3dxuBTLziA,Santa Barbara,CA
UiJiURqivPDuvMsFgRF3yQ,Santa Barbara,CA
YoHFJVHTyS5ZtrSTaXt6Jw,Santa Barbara,CA
XkZwD46WcsAlbpg1inwbLQ,Santa Barbara,CA
x1-RLqVvspmksSiICHCcRw,Santa Barbara,CA
cCi63HyU5XtjCaCVw0qJCw,Santa Barbara,CA
CNVbKrqBr6NdKqzCYLeZrA,Santa Barbara,CA
IRyKDIF51M0GcqS8yfPcYA,Santa Barbara,CA
1oGCzoCC6HnQWpdK9cCP0g,Santa Barbara,CA
bkCM8JR0ti4WHtG19DKgfA,Santa Barbara,CA
oTcezJoCe30NrwiNFsoLXQ,Santa Barbara,CA
y1ZPi7c6sSkWdE1p2vUo-Q,Santa Barbara,CA
1lwulkAD5htni3rbHW8oeg,Santa Barbara,CA
ebJav941naDgngDP2EIRHw,Santa Barbara,CA
Vc-hDuD19_eeJ8ULZmLSCw,Santa Barbara,CA
j3Ml_qEFnDOaH5miNzG6xw,Santa Barbara,CA
0tbscjPg4IzURekIn_CJ1Q,Santa Barbara,CA
0nR7jHCkFEzmA1n2b5g1nw,Santa Barbara,CA
8Npqlzl494AIMX_4pP4MJw,Santa Barbara,CA
45D7B9CqiUTTPUFcqmLx5Q,Santa Barbara,CA
HGRR2w9KddspVBYA-4bSlQ,Santa Barbara,CA
0iHHsSqphxrBWWecYEJcuQ,Santa Barbara,CA
wUHUyTrOpUcTVTQpyZFo8w,Santa Barbara,CA
COSC9JC0Vjr89CaTZuPkUA,Santa Barbara,CA
ZY4M_fKW8aSUpsUzeh5fuA,Santa Barbara,CA
iuTj4Se42VUto09Stkiq4A,Santa Barbara,CA
22q2wGlAmJN8MkhZl2RzRw,Santa Barbara,CA
E_ac8Q20OJD9L8cafCBKaQ,Santa Barbara,CA
oinV9xrSkR3b_T8sK1nsqg,Santa Barbara,CA
tyt3pz0x3ZB8GXsSx1a9Aw,Santa Barbara,CA
yE8r8JXplgnr4XxRivkdLw,Santa Barbara,CA
fO89arPgWzq_1YYQYLS4Yw,Santa Barbara,CA
CkENBnSJFfPA1hY0qrqfCg,Santa Barbara,CA
qM2gfO-cqpDzxmIX-XzuWA,Santa Barbara,CA
9u79dIXLQzmt9rnOZEnBaQ,Santa Barbara,CA
r_UPGh9GHMyBhPVMKVxRuw,Santa Barbara,CA
-I7M6l0h46VdiN09Y1NUZw,Santa Barbara,CA
ToqcYJVdnrp4fefaucm-Vg,Santa Barbara,CA
9CBW1G-JR9ioTgwFTK6kbQ,Santa Barbara,CA
NmexnuLm3zyKxsgwbCe7ug,Santa Barbara,CA
o4IiNbNybcy-L4vzTSoDJw,Santa Barbara,CA
pqlCSlwPp3unjiEBcZe94g,Santa Barbara,CA
xmYXjgEMauD9XYlyeSIaqw,Santa Barbara,CA
4sOLSCiwSdHhzcXC9Sd0xQ,Santa Barbara,CA
lmQjsnT_IK_OOdsbghiojw,Santa Barbara,CA
hoDYuaDkTNvqAZdxruZADQ,Santa Barbara,CA
y0zNj0TAgNeAkE-wNphWsg,Santa Barbara,CA
EzhRlsTdACV60rOgrGYyqA,Santa Barbara,CA
2l-spLLGUzRiZg8dF623Nw,Santa Barbara,CA
g0lCOgLkkByZrhmwYzP5KA,Santa Barbara,CA
RoGcpdwIe_k6Xhs71Wfs8Q,Santa Barbara,CA
KC8_Rx4Orlsz8LIonCYXsA,Santa Barbara,CA
3DSgJFIaXjdknbZn3LSnPQ,Santa Barbara,CA
-H-fZonTLitwHFY_PLAIjA,Santa Barbara,CA
_cWBP-lW9RETw77prVle1g,Santa Barbara,CA
XkmJfBmH-G7eLiq8vJnJRQ,Santa Barbara,CA
kV1u9p8AEV7ItPlgXVODxA,Santa Barbara,CA
5dGu7C1UEPLs_FIj_Qin0g,Santa Barbara,CA
0LXeNx7wGTqbMSwKkGC3xg,Santa Barbara,CA
AjkqL34NYepP8IRd0zc1xg,Santa Barbara,CA
-Lwq2vdrQolANLzEbYMPpQ,Santa Barbara,CA
rh6O8NtKJUhqZ0G2Pkpj2Q,Santa Barbara,CA
UTp0yIaYklWD5BbQKz_85A,Santa Barbara,CA
5bDjg02rlg6ODEUT-UQT-A,Santa Barbara,CA
Hl_vXTiYLozWo7T9Cq17vw,Santa Barbara,CA
dld9HhmtWlZwM-8evbtUlQ,Santa Barbara,CA
zYTQOpgMSMaFNkcCAvJR3Q,Santa Barbara,CA
gYrHa4CckDjgOQc5B-yTKA,Santa Barbara,CA
yuHv4P8RUG8rWKnx50azWA,Santa Barbara,CA
fHUAs1ec568wu-a_mRq7Rw,Santa Barbara,CA
cJjzBIPfMmps5NhNowKPpA,Santa Barbara,CA
IljCDlZnTftfZEruqa4sRQ,Santa Barbara,CA
uPaVoR6XHk12KT9KTr1WFw,Santa Barbara,CA
30UDzHVB5Di80kAovPr21w,Santa Barbara,CA
0c28ysQJ_M1fVToTFV-FWQ,Santa Barbara,CA
pQh2GzkAnbLKiDqEpxcylQ,Santa Barbara,CA
yIAgFdYQY3UdfDn-qO0K7g,Santa Barbara,CA
c0p9TawJSQHchy5aL8NWgQ,Santa Barbara,CA
3cnjGli5iwGsUF06Dne9Yg,Santa Barbara,CA
9Ujw_PoR_Vv67gf4vsAk-g,Santa Barbara,CA
-e8RwknT5szoLk9uBZjzcw,Santa Barbara,CA
-ALqLSTzkGDMscHdxA1NgA,Santa Barbara,CA
lOjaVGb2ZA1W7MdeB7bV5A,Santa Barbara,CA
GyWxMEMzRZJ-mb6OAq7jyA,Santa Barbara,CA
iJp9sq8UddLSrUtIieoD0A,Santa Barbara,CA
Ukn2qaxEP0sbjoiwn2LwhA,Santa Barbara,CA
vyxxsn2l6ELF2Yoxr6BWcw,Santa Barbara,CA
FYc3iwBUhGhxJAtJ6oRvJQ,Santa Barbara,CA
im1dUk7C1YoqT-KPKBF4Ng,Santa Barbara,CA
4yBeWUqxuru02oZccjDN7Q,Santa Barbara,CA
2NcOysjkx3eFi3xo8ndAUA,Santa Barbara,CA
-TjT3y-Glfnbt6LbKETAYg,Santa Barbara,CA
LEo6sBsQz3xrpKW-DQjTWQ,Santa Barbara,CA
QFh-h_OZ5Io-mBk32HN28A,Santa Barbara,CA
b1shfPbHpkeWtbGbz5iAtg,Santa Barbara,CA
wvD7TOuE-qUhkyXoi8K8hA,Santa Barbara,CA
rU8HgGMR8Qd8_SkvKANdEA,Santa Barbara,CA
T0TAXNzN7oY1wRC8jslTjw,Santa Barbara,CA
jKocMyXjEqgb9dL9S5vrEA,Santa Barbara,CA
CrWrO6KT5KKg_EdhAgKsaw,Santa Barbara,CA
ySXGwFTgDesGgD3UyUfVSw,Santa Barbara,CA
CoZ2mpsMBP8HUG1ymKoZTg,Santa Barbara,CA
8JGQnOj0N-0krAvLtioWHg,Santa Barbara,CA
Z0mBsgDzDnFAEC5o4X6G9g,Santa Barbara,CA
l_slvEnh4v3W8BXF1gYlcQ,Santa Barbara,CA
9MsMKG0v3NstaPqKGYFVOw,Santa Barbara,CA
Tfo88MgUweNHyOMfQ6TYGw,Santa Barbara,CA
Lj1goFC0ar8bfmsoHhGVbg,Santa Barbara,CA
d0E938M2_4kcuULUdnj-Xw,Santa Barbara,CA
hRoAwkrCWaqjBuYs4i9EYw,Santa Barbara,CA
T5serOgucL236udCsZI0jA,Santa Barbara,CA
Go-vuNoQ64pojSRJ580SJQ,Santa Barbara,CA
eBxc95u_Gcs9bLST0UntOQ,Santa Barbara,CA
E3WUDYEvCVMplIFMgeN1xw,Santa Barbara,CA
UjgqSqa4Biy34pHSEdwj_g,Santa Barbara,CA
JpwG8sDNsHuD0f6NF6YuGw,Santa Barbara,CA
TWLH8nel96VXhKsuZ-R4sQ,Santa Barbara,CA
abr7RHb5adfBWscv5DyLeA,Santa Barbara,CA
M8GN3mTBVC6iA80eRIdzgg,Santa Barbara,CA
1Du1NruqJwxnzgEUHc42Jw,Santa Barbara,CA
0ac5lGA_0wdKDnib3y59Xg,Santa Barbara,CA
Vt5gk5h5VlHXLu-cVKzOXw,Santa Barbara,CA
sRopdCT6Hf0mwaAHJek7Fw,Santa Barbara,CA
ymDsgL5cHGMBVJ_gFT5p9Q,Santa Barbara,CA
G9rBwcWp56C8r6ZFwVuimA,Santa Barbara,CA
ggkif8dgbPvsqf8U3FI3uQ,Santa Barbara,CA
2cRTgUdOx7PNOQ6C0nnnug,Santa Barbara,CA
NcPL-huY-Ac2VjkZ5KsSRQ,Santa Barbara,CA
UGADjVkBITKPU7I6sMO1oQ,Santa Barbara,CA
FH0MVF7kK0D76Hh4e7hXfQ,Santa Barbara,CA
qVitsouI4aBiYx1_Fjn0Pg,Santa Barbara,CA
USVks6B2Xkf0WLmLIiXqMA,Santa Barbara,CA
EC9-hDcyqE8c_m03X3VhIQ,Santa Barbara,CA
8ei40SEWTURN8ROo5mBiJg,Santa Barbara,CA
scH9yupjqMr-XP3bzJGY0A,Santa Barbara,CA
YANEffRwcoMTLMfmeY1Y8A,Santa Barbara,CA
8FgcWn7bdMC-TMrE4Q3xMg,Santa Barbara,CA
XI6CauzyZbKceQSUqnrB5A,Santa Barbara,CA
J2gkKCIOhmMTDIt0CKkXAg,Santa Barbara,CA
P5cgKbK-cQqqZj0I3_DW0g,Santa Barbara,CA
wJiaLWAxfqDeFsmE2cI8tg,Santa Barbara,CA
630njXSiAryjnEjGc6FAhw,Santa Barbara,CA
zV71Cfo4_jnkpr5_KH2HWw,Santa Barbara,CA
RqmKdsCh53VCr50QHybrAQ,Santa Barbara,CA
iFqeo1OrIcH8k4N0Oy6yJg,Santa Barbara,CA
SsHMgOW3TT48Z7jeV5beqQ,Santa Barbara,CA
NfHhm-3-zyeBBBwX0rNonQ,Santa Barbara,CA
a9K3jxNUUe6jr1uh8FsakQ,Santa Barbara,CA
iBBV8vesQ8fo2IQA7an1JA,Santa Barbara,CA
7kc2qp0PINf5qW8soYREYw,Santa Barbara,CA
PBtNupbFFNj3iV1E1kr5bg,Santa Barbara,CA
Umywf9wstVwg30wROIrL_Q,Santa Barbara,CA
6wPNzf-HzS-TDt6CjI_LSg,Santa Barbara,CA
5pyYBpuNOAqgN9nSpk8vaQ,Santa Barbara,CA
SAQgO7Ij2cdnMp8VQKBffA,Santa Barbara,CA
EXYbKA1tocvOK_1tXxZXLA,Santa Barbara,CA
ukqJEIi-tuKcvO-u3plqlg,Santa Barbara,CA
T97hE3STgTgpwda75h6p1w,Santa Barbara,CA
wEWy_NbtwcgNY2dKEmnACA,Santa Barbara,CA
XbKXYLjC50m1_OFESDYLWA,Santa Barbara,CA
fKrmWy4GFsrgdOYhN9pyZA,Santa Barbara,CA
8A5LSwsKK5vXDH1M3_Tf1w,Santa Barbara,CA
L4-_gPiqsuX50JN_-qUhNQ,Santa Barbara,CA
CuRjZOmfnXjefwEpyzmTTw,Santa Barbara,CA
ZrxlfdFU_qpnIHI2DmoRxA,Santa Barbara,CA
MwJsk91FJ73YzzmpVaJihQ,Santa Barbara,CA
hMi8sXXPj_AwwfsEJ4RZgA,Santa Barbara,CA
eUIsUpG6KAonYxGoExzy2Q,Santa Barbara,CA
eikRexw04kC6siBDkFnayQ,Santa Barbara,CA
DqVpNtgFCP47n6frh-LREA,Santa Barbara,CA
U1lGcthY52-LUPdxhV3qVw,Santa Barbara,CA
pKSB4wXLiS8rd1cAEgD8oA,Santa Barbara,CA
mHmIoIGOfpidrS1fYQ9PbQ,Santa Barbara,CA
4WCyuH0Dc6DAD79AyC0-iw,Santa Barbara,CA
AoBQeAvMtTOYTx-hThDLZA,Santa Barbara,CA
qUH2FppY7RL96F5tXzA0hQ,Santa Barbara,CA
iBGR1hX6To3FGtCgCgDtqQ,Santa Barbara,CA
YgS10SCzw13uGiC0wTDiaQ,Santa Barbara,CA
ZRy4atrG3YHdb__qtE0FsA,Santa Barbara,CA
E7RtIisUoRMcADSebBgNAA,Santa Barbara,CA
XXsofYxziipczzc3OFDD5Q,Santa Barbara,CA
T9I4G6Or3sAbyYmB7c23hw,Santa Barbara,CA
MOowZBGbgn7FrTol3dvrlg,Santa Barbara,CA
R0U0K_qvwOQbQwPhhKw4Ew,Santa Barbara,CA
19Gx6T0v_GZW2je2J_mqOg,Santa Barbara,CA
jWhlz8LesaC7jZL9bHNe9A,Santa Barbara,CA
GwtVBqKzW9j0zNQ7nYnT5g,Santa Barbara,CA
jssubXBNkiSJIhbKuDtmpQ,Santa Barbara,CA
h8DlM-VbvCNzpsTqihgUAw,Santa Barbara,CA
RiOcLw__HPf_rTOTpYKnHQ,Santa Barbara,CA
BQv7ntaOxs80FJAji2U9pg,Santa Barbara,CA
KxTipxTtvRDOntfze34NPw,Santa Barbara,CA
HrsWLRW7sPxjeC_hDA0Diw,Santa Barbara,CA
-6jvfSJGprbfBD2QrS9zQw,Santa Barbara,CA
n_RyzuCAiR4yW2JLkl0Jng,Santa Barbara,CA
f3eve2cxUIzyanWnHdMtFQ,Santa Barbara,CA
EBuSqlpzzyfZZkEgPxVV1Q,Santa Barbara,CA
bXrQejeR66IwebuhxPS7GA,Santa Barbara,CA
quLvdiaBMaLG3enWfWHKgQ,Santa Barbara,CA
Vs1GKzhgYLBthayVNuIbGA,Santa Barbara,CA
QfXEdQpBojorGinfCnrKTA,Santa Barbara,CA
oS02owt-XB2RtDbogYyn-A,Santa Barbara,CA
VciWUuWgNshjkRDPHiFCoQ,Santa Barbara,CA
U897DhJaaa3qyr1PVjxfWQ,Santa Barbara,CA
hrEtM0WMgwhv19mzVnKiJQ,Santa Barbara,CA
3czlT5lRF9uKmGZ2rknJqA,Santa Barbara,CA
4haTJpBzX-7ilN77LWAIDw,Santa Barbara,CA
1ONK4BD8Fuh1mfBCrB2aOQ,Santa Barbara,CA
ALMuGwPnbAVc4SIbcmQmcA,Santa Barbara,CA
jWgZRpdHy8csA1sUz1auSw,Santa Barbara,CA
Nbht3URjeV94507do0goEw,Santa Barbara,CA
b0TBL7gSg2mduoFDgFQHoA,Santa Barbara,CA
0t1pU_Ky3Jvgq5Ya_OC1pA,Santa Barbara,CA
d1sY9JkgkGt3_P2fWZ2eFw,Santa Barbara,CA
OJ9DJLWvQV0h-ZU07QEKag,Santa Barbara,CA
W7zCBDLFv13fDzRXJefrrA,Santa Barbara,CA
zVwnTKz7JIOoN-MbbQMzYA,Santa Barbara,CA
hfN0fllM3m2jykAgToRTlQ,Santa Barbara,CA
NmJX_LZ7ShIZqspI31RVZA,Santa Barbara,CA
Z4wmhciKWboy1FJKeqcw5w,Santa Barbara,CA
Btm9ODncqCqYsnpawaHioA,Santa Barbara,CA
AmAc0eD6lyVyb7QdOAO1Mg,Santa Barbara,CA
yEmEDomLUofVtbZoUeFV5g,Santa Barbara,CA
T9_SMIZTlGQRr6a71WqKpw,Santa Barbara,CA
8JzURExziDYuCrd7Ve9nDQ,Santa Barbara,CA
GtrY5U_M1ac3bYCk0DUeIg,Santa Barbara,CA
sdzD-6O7eKIYgF9WzOuasg,Santa Barbara,CA
tf6S06LD09IFDHUpOPqPaw,Santa Barbara,CA
D_WS8rM-DVygaCKbIErZ6Q,Santa Barbara,CA
DdD7j67fu8kM6DkvY4JCIA,Santa Barbara,CA
JjmmSW_QQh2Db4fuIEMATA,Santa Barbara,CA
DLTwr11KNMA1hEN7OrkY2A,Santa Barbara,CA
n67s7eDowWHlfhVtCElxGQ,Santa Barbara,CA
wfjqxgLSsLtyzswzQBziSw,Santa Barbara,CA
OCW1gs6Rjn90_x5EV0PuaA,Santa Barbara,CA
ZtTfb4M-7A1QdHJlvv-yqg,Santa Barbara,CA
ijU7hEUbD1Nq7KKbi4nyeQ,Santa Barbara,CA
qvXw3V4_9Pu4E7Qoi7-cKA,Santa Barbara,CA
-NXRuUsazxXZZ_OHwmtYtw,Santa Barbara,CA
sk0IM8koYo1o9-k_rpkmxQ,Santa Barbara,CA
cQDwJjslebJv5Co7gCm2Yw,Santa Barbara,CA
EEwmN2uP1PmOyxpTstSIxA,Santa Barbara,CA
B1mZ8PEh4JYCTElXFVg8kQ,Santa Barbara,CA
k27OsQ3Bwpkr_cZkS2BO2A,Santa Barbara,CA
gAtJa5l8DC_IEBIp7ioTMw,Santa Barbara,CA
uJc9lKaxLNBZch866x4_pA,Santa Barbara,CA
OMiBaGTi71gwMf3IbtEq9w,Santa Barbara,CA
NVQbihwTELq6r1tckGp7vQ,Santa Barbara,CA
s27GlS3WCN7b4dxTpainrg,Santa Barbara,CA
FEBwxZMEpxRwVXx9Fm0XZw,Santa Barbara,CA
jI9wCmBu77tExISLsVurOQ,Santa Barbara,CA
2bxZhBk8JZkJ1GqfTB0cUQ,Santa Barbara,CA
3yI-WR2x322OvcGVUOSUjg,Santa Barbara,CA
LMm555z8BReDxgkpF_TEug,Santa Barbara,CA
s193M1ymKdtefjhOz90Sjg,Santa Barbara,CA
lNECraPTMtUPDJPjmF0tVA,Santa Barbara,CA
OPQkUsUdLN_PPAW6IyEJLQ,Santa Barbara,CA
NynM3SwsOMFJryABCKuOlg,Santa Barbara,CA
m4xrhESFLaA7PiddXeg2aw,Santa Barbara,CA
425FOxIzHPcOB0niWc6-1w,Santa Barbara,CA
sj2o49ZCq2iJlZxDNrHDaA,Santa Barbara,CA
geKBfuHkJFpQttIFfPHrmg,Santa Barbara,CA
_Uyinj5wLMJ7x2cCfHO1Yg,Santa Barbara,CA
3Wy21heeDm8h2tSZfcj6OA,Santa Barbara,CA
k8Lm3Vn2202baslhmOK4FQ,Santa Barbara,CA
opcGJ-lCNTLhRRuGxVkCnw,Santa Barbara,CA
NuMR1xJu6Ewxaicc4yLOFw,Santa Barbara,CA
vj6AetpADpHOYtMRZsXX3g,Santa Barbara,CA
q8pu9u7rdo1YK3RmgphPjA,Santa Barbara,CA
XYxSB4DQ48O7J6AsnS-Ddg,Santa Barbara,CA
xVtO6a4dqKQQzMXkSPL80A,Santa Barbara,CA
WVNkMz4sEl35swjVtKHOFw,Santa Barbara,CA
FTFaEinJgzqY0ZHQMUSpQQ,Santa Barbara,CA
thlyktt2c7v1DyOpSVSibw,Santa Barbara,CA
Ow29cE1wS-_LrfN7jEuDPA,Santa Barbara,CA
sBxbAv4TEjGZiLmPlnxrbQ,Santa Barbara,CA
c7GJVA-6lQxcH6QkrRiW0w,Santa Barbara,CA
_6p_j0UL7ST3b2nvHw82eA,Santa Barbara,CA
FjJxG78092vB1sa6hYzebw,Santa Barbara,CA
CziOtnFSklimJnBgksDDwA,Santa Barbara,CA
Slihcg1bmYvw-V_FUFghLg,Santa Barbara,CA
kwqXOtLCbNjgvwuMj4H1AQ,Santa Barbara,CA
FH1sTH13rupNdANai7JFxA,Santa Barbara,CA
-ipZBVF9nWm1vzrvQ3444A,Santa Barbara,CA
QNilrbTi8912ye2ztnBMpA,Santa Barbara,CA
5LeEWF3UxdPAQhtss_PbJg,Santa Barbara,CA
9uJuBPIQyrC0v9pVv3JKRQ,Santa Barbara,CA
4dF9bWpFOKGiFmL3tFmvbQ,Santa Barbara,CA
7wcHZ80HLJVwUijAH_efJQ,Santa Barbara,CA
iktsndB_zjwblxdfigyrOw,Santa Barbara,CA
mxZMSFUamk7SIf5ndCLAxA,Santa Barbara,CA
VguQ-YnKapMYMrfaKljWBg,Santa Barbara,CA
Fg68C3AwFu74dXMhgX3qIw,Santa Barbara,CA
OrU9wTeHJSLMwyGqYg4FAA,Santa Barbara,CA
r926yelr_EJAKQCjdD6AWA,Santa Barbara,CA
3n7VGTZQKyWycuhU_j0lqA,Santa Barbara,CA
mEzH6V1ruMHJrgKuLGoi1g,Santa Barbara,CA
aFhPwy7OhyKah4cJY2QdEQ,Santa Barbara,CA
FyK0sYez1ImnovyzJ_iGZw,Santa Barbara,CA
PilMA5jBSjfh2rlCLG50Cw,Santa Barbara,CA
AMi1h-goNueHf_Lvx4Cu4g,Santa Barbara,CA
ryGwDtxLX9crWxXQMfFAvQ,Santa Barbara,CA
_P-0kP5DboEd5p0OqDorFA,Santa Barbara,CA
iBTc6XKgW5HESEZIii-G4g,Santa Barbara,CA
Y6WDt1LiVZNNDCN8dR_bZg,Santa Barbara,CA
7UbXvL4SnVEDtx8oJbbuhw,Santa Barbara,CA
ogxIVpA7yEHIPrx8FPBZbw,Santa Barbara,CA
grBPIq_eJCT_SGuhvMrUZQ,Santa Barbara,CA
2X7L-Q8enfS9ecSaIVaBaw,Santa Barbara,CA
8Vo6LN9gqULhXzoxj5k6kQ,Santa Barbara,CA
elX9a3nvGMSweRaMWgSb0Q,Santa Barbara,CA
xv_nZ8E7DFiKDjFi9syKsQ,Santa Barbara,CA
INaAIFXWueRVjgmuNtJTEw,Santa Barbara,CA
tarvIQNXuZecIEFay9TpVw,Santa Barbara,CA
-FM4CxOg4XXmX_Ebky_SiQ,Santa Barbara,CA
8MoqZqlNN9AXzG91_Hpc_Q,Santa Barbara,CA
vi5xjfEhV6rnXrC_GbdhnA,Santa Barbara,CA
xUd0QOyVzx9SQhWulcOPAw,Santa Barbara,CA
pyFEy1qXkmYJDHxVvpK7cA,Santa Barbara,CA
DlCDhT-ovjV7hQywe0YirQ,Santa Barbara,CA
NORF647ibBQ4U-VNMgzSLg,Santa Barbara,CA
KTlABGqop4Q7FzD7lSkHJQ,Santa Barbara,CA
auh2m1mJ2ORJxpmPUJ9SYg,Santa Barbara,CA
G2Mdyjts3zs8VKPi0jhLNQ,Santa Barbara,CA
WVuSLF5tLVqMGMmj5pn7mw,Santa Barbara,CA
uBvHmZ7BMT8JW5kxgimPWg,Santa Barbara,CA
XscTpOBks1vDNUIwVsZAlA,Santa Barbara,CA
P_QAD4_iMgqTaWd5On_n3g,Santa Barbara,CA
ouQpkEJnFZzJy86ECkcTzQ,Santa Barbara,CA
Iw3lHwjwIjvfsgVOwpF_UQ,Santa Barbara,CA
ZJzlns_dFkapVajmdFHGuw,Santa Barbara,CA
cbQgU7MxJvyVDROjg-w7yg,Santa Barbara,CA
TVX2a4bVuCE2VUIkiLdZrQ,Santa Barbara,CA
Sp4HOjXy-LYV_4yy10L3jg,Santa Barbara,CA
C6AiAF35zwpAoK5jjm-nhA,Santa Barbara,CA
q3z5nfCo6HmXBPgJ4OXrtg,Santa Barbara,CA
Srt_8c1wZDcFSCsOTbJkiw,Santa Barbara,CA
pGtaxpSxxpmqPs6FAR1W_A,Santa Barbara,CA
TzNk1TcWLZn0JCpO83hBAA,Santa Barbara,CA
1kVnChI4aqsPw9i2PVqkkw,Santa Barbara,CA
WQ0cLxAeRpkp6bZP89nDVg,Santa Barbara,CA
c3UA1gYc6VY7dEyS0135pQ,Santa Barbara,CA
NTWgjXi0ggOQnTOS1bTjEw,Santa Barbara,CA
EcJQ-fvI6ROOcKIu7XEcrQ,Santa Barbara,CA
RRGLss4hhvZZuR0N6GQlSw,Santa Barbara,CA
C36ldTawd5V7DBiK5G9D8A,Santa Barbara,CA
5uNCvNy9L6peKeKP1RRPyg,Santa Barbara,CA
BwUWmUFKCuJ-nN9vFwMt2Q,Santa Barbara,CA
wrtx446YNQoQa5U7UI6j5w,Santa Barbara,CA
VJKpVv_l1g943WK6fxwZKQ,Santa Barbara,CA
C9_UPkwXYx9B3fxNLkCHgA,Santa Barbara,CA
m4kvY0viCwxqRtgOycnKVQ,Santa Barbara,CA
3XjwPkcbuhssRwZKnoYOyQ,Santa Barbara,CA
hJr6xw5Jn20ag2rHopI4eg,Santa Barbara,CA
9JHhenxdM20EqmTQba6WyA,Santa Barbara,CA
h4zjPjFmQgJQzYEXLcHenw,Santa Barbara,CA
lnGHZ_pEJNGT9pcGQ467Ew,Santa Barbara,CA
ENp_DT0yXdIzdk_O8Ti_kQ,Santa Barbara,CA
kwtKZ3fzM5jlR8Z7KIA17g,Santa Barbara,CA
OdRkeCycTpMRow9XUXVNWw,Santa Barbara,CA
Ak4vFqHZUWU5KXONRnuieQ,Santa Barbara,CA
c1oDGw0j9-Lxus_Xs7go8g,Santa Barbara,CA
f7S0WFDy_J1TGahYhnoMLA,Santa Barbara,CA
x2ly0NsSTMmMpljpdIZdYA,Santa Barbara,CA
crlk8kaurC4zrPUTt7BevQ,Santa Barbara,CA
ukfAtVvdBD41s-yJ6gOx3w,Santa Barbara,CA
aD490g5tyGScrxRZP_d1gw,Santa Barbara,CA
2h3SEwpI6fiuTF9mcN1S_Q,Santa Barbara,CA
ks1BsT_1dncllU4YM7C2Qw,Santa Barbara,CA
LbJKeBM-2--c6VyM3Rt-Xg,Santa Barbara,CA
c-W17u2jiFOD2H_d6uo-bQ,Santa Barbara,CA
jMAQupx06hHjie54wV2yNQ,Santa Barbara,CA
edJoBsse6nsF0BYh6pATAg,Santa Barbara,CA
hVKH5oED9NgGaZeIiF547A,Santa Barbara,CA
wK2IixmZUOEFGz1QZqR99Q,Santa Barbara,CA
0cWnURpfrb4MqKSzyVN4SQ,Santa Barbara,CA
e76uCbhmK8oqAtYAkxB2Qg,Santa Barbara,CA
ddm-u31cWT7Uq097opQUuQ,Santa Barbara,CA
y4x_wAQvUxvTR8iV-JP4Jg,Santa Barbara,CA
xotdeLae9P1mHAiJx4D0XQ,Santa Barbara,CA
znlrxrY4InSx7ekPZxoHRw,Santa Barbara,CA
EtbukcoR6QW6_5fEeFcVoQ,Santa Barbara,CA
D-1BoOczhXGgwhBOR5v-nQ,Santa Barbara,CA
DcRfabRzYkddMEUFyPMBgw,Santa Barbara,CA
pBPfWo_WfHVVkSKD_P3osg,Santa Barbara,CA
gUaVw2fxj9EGbCIIFH4uVQ,Santa Barbara,CA
zxW8zECvT_SqejieMMjb5A,Santa Barbara,CA
hLUqElKTjOzpt_ZXkWVuiA,Santa Barbara,CA
4FdsX3MbkcdBRAr1aymF6A,Santa Barbara,CA
7lzL9rJLiojDh5kVzKGoLQ,Santa Barbara,CA
i9ASBmmIJS3RjN_UP-TtKw,Santa Barbara,CA
4gPWSVCRzHvJ7i6LuNrCvA,Santa Barbara,CA
304FY8qhcOpm9SIkrzmhoQ,Santa Barbara,CA
N12Pwub9Tj-5AhuPfbj-Mg,Santa Barbara,CA
wO4IO1uTN65jkYdaBJCL8A,Santa Barbara,CA
ZKi4F9BlA46rLvLyeIE3VA,Santa Barbara,CA
8RlO6NuhWzXktp-1croq5A,Santa Barbara,CA
6smGb7xv5fDbBsLgW1WC2w,Santa Barbara,CA
MnAn9IDCGMTXFqUqJ5P53Q,Santa Barbara,CA
MxmcGeTRzLPaTwhDm1txSQ,Santa Barbara,CA
6EizP0XyqITuGZ8GZMI9Lw,Santa Barbara,CA
5GUA13zYgw4_8F6qUMU_LA,Santa Barbara,CA
nkLla0nBTUPL6yj-zX6eaw,Santa Barbara,CA
svKDkmALJNcToJxEsU_bpw,Santa Barbara,CA
od_MWVpghkvSsl1HKasM9A,Santa Barbara,CA
ssZSQ7HzLFBbm41gWubXKQ,Santa Barbara,CA
7oPREWTlY8RIMfwT1R0YYw,Santa Barbara,CA
OM5beWRkxZSu1TShUC3EDw,Santa Barbara,CA
WkrFxB-p5u8gI0bbbfIUuQ,Santa Barbara,CA
o7NjFfP5ENPBLXsSnBcrlg,Santa Barbara,CA
ctVn7wMvJX8f4Z9SnOnrHw,Santa Barbara,CA
v1Uesklh8DpEufYOhTq4iA,Santa Barbara,CA
hEpRFnkUl4C6NVOVSMiTVg,Santa Barbara,CA
ixROUxJqrczeYUT0z0MCHg,Santa Barbara,CA
WWoUVlbCdnNT_CQG3S0ZdQ,Santa Barbara,CA
n0Z10UAJO187H8Zp8gl-rw,Santa Barbara,CA
PrJEYGjlhaF0BSZk_Q-uPg,Santa Barbara,CA
-kfHz1kimX62QEceFkkB_g,Santa Barbara,CA
zZrDoiQIUmiVkifJx0h_KA,Santa Barbara,CA
O2lFAWD2WXXx5EKkzPutWQ,Santa Barbara,CA
9jEv_7tueRJdV5CZwVcwPg,Santa Barbara,CA
pC0vDDpl_2ue3HGAmGpMSg,Santa Barbara,CA
64Rl3pT4Md4-8ckeaNVZCQ,Santa Barbara,CA
k6Ptrc94R-Mk549pDEVTFA,Santa Barbara,CA
34PSBuVNmEguXTwmyH5Tcg,Santa Barbara,CA
jgd4xLWZ2_YEBiQgdvwztw,Santa Barbara,CA
6RBrYMiAf8jFJI4fDoQpcw,Santa Barbara,CA
sCJEbsv0KEsx_IifiFjGDQ,Santa Barbara,CA
AV3XPH1iv8PKSO6mrnYgLg,Santa Barbara,CA
sMmFJd5KgJdeLGEVzvqf6A,Santa Barbara,CA
SYHDOHRNAH-2xsw3XB5qbg,Santa Barbara,CA
T57xntplBLVcTFmhWVA0gw,Santa Barbara,CA
HjHH1xAoxfTqlZqPLk7slQ,Santa Barbara,CA
FQxEfhBd1gMrurP19bhK8w,Santa Barbara,CA
apdwYbDYSOgD89eEa8yDcw,Santa Barbara,CA
EZc2myE2mYk2h9JK9qu8gw,Santa Barbara,CA
2QaNH5-RCRNIkToUOBc22Q,Santa Barbara,CA
wX4ap0Qy5ZK6Hy2iKvBqXA,Santa Barbara,CA
Swk_Fdv-gRY8zUT2ft18Kg,Santa Barbara,CA
VFXZgXxWcQx-Y5CRIt9Nrw,Santa Barbara,CA
NNfsMie_xMUAnf4eKoQ64g,Santa Barbara,CA
vZG0BDPGDJxMGiXcGoVU6w,Santa Barbara,CA
xUkr5K9vgjzvLCZBYFZ3Vg,Santa Barbara,CA
JxVPdQrAac7qNUnwse7xcw,Santa Barbara,CA
vPv4J9bgh7BDy-p6tAM0ew,Santa Barbara,CA
Cd-hiDiuj7TFv8b_Nln5aA,Santa Barbara,CA
o0AG9SfwVaZ00cURT7Q-Ag,Santa Barbara,CA
rwAePQunJwl6WZP8NhWmbQ,Santa Barbara,CA
PZIVcSuN-G_I6oG6EVKntQ,Santa Barbara,CA
JB5tlC_7u5IHT2Z_GHN-qw,Santa Barbara,CA
3rzlcCvPUJ56jvYWl7iGvA,Santa Barbara,CA
zeAfmYy9b1gfUJLRBHm6vQ,Santa Barbara,CA
qyXcWGL5-bU_uV2VKxqzTw,Santa Barbara,CA
Kg71HUigI1rnY3UMFiLx0w,Santa Barbara,CA
xCbzGlxwX6QrS9t9uRcflQ,Santa Barbara,CA
9dp3hVDlQ0VtjPW_7ISoXg,Santa Barbara,CA
OMWhamtXhqlYCj66MqcxuQ,Santa Barbara,CA
Aes-0Q_guDeYewMapFs_vg,Santa Barbara,CA
mjMJxBpW_Pg1b4duNPJsTA,Santa Barbara,CA
AAiPARkDNPHR2g7BnmFRUw,Santa Barbara,CA
tthy48ZIX_wfY8Dy0Dvg6w,Santa Barbara,CA
49Sy1N3MTnK6Eslh1tgZQQ,Santa Barbara,CA
0HIB2TFyVsnsCSZyLw7e7A,Santa Barbara,CA
CLlnfxaYPTVLKE4VR-U1Yg,Santa Barbara,CA
Hlzn3A-B2-Q1xj3FHe_D0A,Santa Barbara,CA
dutm97q2F4a6RV6YQ0uLHw,Santa Barbara,CA
lwbFhaGaKUtwPdaXXjy3mQ,Santa Barbara,CA
5B-m3Nir02zheQnEGopV0w,Santa Barbara,CA
sLfc9_WCN0lcTeUIA3X2og,Santa Barbara,CA
OQKKEbPoXqZwSF5CiNWZeQ,Santa Barbara,CA
x8JcV7sAyDN5k9qbnlfGdA,Santa Barbara,CA
oYireVavpwflbyWes2BsqQ,Santa Barbara,CA
IGeZA-G7uUNpiX6LR9Yy8Q,Santa Barbara,CA
SMqSdSAoLP06sWUJ2uXUow,Santa Barbara,CA
oyJdcjCTGEM2KiGqyJaFwA,Santa Barbara,CA
cHDV5cpGcqVwN7K-5aA4zQ,Santa Barbara,CA
BseHdXex5Od2Or_TyUIoWQ,Santa Barbara,CA
OyFxR5E2HBy-K2-0AxCtFg,Santa Barbara,CA
9h0i4lVC5eCVhRTanWsEAg,Santa Barbara,CA
HNACff49-kXS7l0MyLOzHw,Santa Barbara,CA
p5rXRkSJtAKcWd4GY71avQ,Santa Barbara,CA
dinxDxiWFUkEpxpIzaGHMQ,Santa Barbara,CA
CO5UeHEX1AcK5yRzFVr2Ew,Santa Barbara,CA
RAsM08lCA-tf6qkPan9NNA,Santa Barbara,CA
VUPpj-CsDJY4cIGQLqJ_xw,Santa Barbara,CA
vgDl4_ZjoLLIU2ZPL83GIg,Santa Barbara,CA
5iCDjFNkihjzj94Gh0kyIA,Santa Barbara,CA
PGVZjuHpB5s5jFMKqKdCmw,Santa Barbara,CA
ziXR7sUrbKRCNeDqfjibUg,Santa Barbara,CA
CwL56LgcMz7Bvi4xODHVSw,Santa Barbara,CA
TqE83vo_rs4h4EycnuLI6g,Santa Barbara,CA
bp482wqF6v80AltDNlPDfw,Santa Barbara,CA
xPwwiAa5YgA0blH_DuBkdw,Santa Barbara,CA
DZdGvf67WEG8ZDRM2fLt1w,Santa Barbara,CA
OzGk7arJv6FPrWqaYSvyKQ,Santa Barbara,CA
hPzPpfSjgQkpWCD7YjcY-A,Santa Barbara,CA
e_LmE84zjkowFcQUd4sdfw,Santa Barbara,CA
acqDz7WDsCS3WiLxHVceOg,Santa Barbara,CA
5tVPbd0gJZHyEEWpXW7vCg,Santa Barbara,CA
bPVPZeqMuYtU_yGCb4P-jg,Santa Barbara,CA
hYlAyz4RM1kE7ErPhPQ2xw,Santa Barbara,CA
E1b_hNr22N2wGkq5Z9fmHw,Santa Barbara,CA
HA_Hks9YjRqz3Yk6JDAaIQ,Santa Barbara,CA
WhTRPUduXy3mRBYlmSmsKw,Santa Barbara,CA
OjHy_M9BrUmdJ4L3KCCCWQ,Santa Barbara,CA
EWl5aixg4hCcuVYpz4BLKQ,Santa Barbara,CA
VOcGcN0bvGU_nzxbJgR5jQ,Santa Barbara,CA
PVo1orQ9R7ZHfg90QACh-w,Santa Barbara,CA
LIqjZ2fGRbjjMy0ezyuKSQ,Santa Barbara,CA
icGg8xgDJVufg-xptMrDGw,Santa Barbara,CA
v5jxpGnKbx3vVxs28dgokQ,Santa Barbara,CA
cBgNa2PIFy1wSXcduYIiUg,Santa Barbara,CA
kSKyOrJELZz_AzGkvnf8MA,Santa Barbara,CA
IoAubn7CpU2rqcURxUo1MA,Santa Barbara,CA
8MQNb0Cnkfq-G1OIViukjQ,Santa Barbara,CA
Qsd_S2f7fNFqngx2amRE7A,Santa Barbara,CA
sQFk2gZFUCmLhfYX0ufPbA,Santa Barbara,CA
Xw_5QkLTyIEg6Hs-kXGNbg,Santa Barbara,CA
JoD_Fkf2rl3s3Ms5Sfb7uw,Santa Barbara,CA
Q-ZqJY2AXNJIGj-DmlzRuw,Santa Barbara,CA
fzKhn-cjo9mn1OvG_wyJ8w,Santa Barbara,CA
RdFgbrE_8sf6NImEMopaPQ,Santa Barbara,CA
R_8S3Iuhpzoi3nM-xq3kcw,Santa Barbara,CA
ySRkAFddd1tCUzRDjbECdg,Santa Barbara,CA
lmKb382_WPMU4svBenUwHA,Santa Barbara,CA
UA3HxLprLSOO9J6l1iR2Cg,Santa Barbara,CA
oktohqIGhMQxOP7h5ugHlg,Santa Barbara,CA
rPVmM0aJbC6lU_mnDiZ2Rw,Santa Barbara,CA
yFIL4NAyniThUp1ChdmFXw,Santa Barbara,CA
s4k1P9FHfPUzw3dqXRp7eA,Santa Barbara,CA
uZYBF0YTU_iKq4_L_PDtMQ,Santa Barbara,CA
Zqc8nrT3Z1IbQBckFuU3Fw,Santa Barbara,CA
_TEWOkqBWDtNigjujuPQfw,Santa Barbara,CA
C-zgOpqD2K0xDJU4ty7zKg,Santa Barbara,CA
WIH1ptTMD7aII_qfeVeaRg,Santa Barbara,CA
VhH_MGOiWsMVOJk1LHFVXw,Santa Barbara,CA
Tc1L4BH_2pkCywkAEfCQRg,Santa Barbara,CA
0RxU5OglQyPVtLKC1LPgsA,Santa Barbara,CA
DOfiulOub9hVPBCtiDl9Fw,Santa Barbara,CA
AorcIbAAOJI7z0CBwICwoQ,Santa Barbara,CA
IoihJkcF2FcE-sHOneat-A,Santa Barbara,CA
Oeaerj6kDDBRGnUh0wLAvA,Santa Barbara,CA
AzZqXglv_puXwd4kCvM7ew,Santa Barbara,CA
w8AxfAjNq7wU5jHmpLSpNg,Santa Barbara,CA
soaZ7_oU7xcphlw6gpWblg,Santa Barbara,CA
VAIOtbsxdNmuhUKkQZFRlA,Santa Barbara,CA
BZq27sUTa_hruRKXr1x54g,Santa Barbara,CA
PBXFaKio7FJ-4JehJGh_gg,Santa Barbara,CA
t5igEXKZt4CMtA2FX-GoGA,Santa Barbara,CA
S8saWaZlToeNoloR2fMrAQ,Santa Barbara,CA
QFNrQo2BGE62G-FbIlWWgw,Santa Barbara,CA
xEjPCUocVTNszm3D39qmYg,Santa Barbara,CA
hdCu74rz33m3EgDmdDn1SA,Santa Barbara,CA
z31te0YMSegTdktp3qYqGw,Santa Barbara,CA
lBIIzOvyq4z6MDRmkrjpyw,Santa Barbara,CA
WxAIpTgD1tK_DgzwQ3Dgww,Santa Barbara,CA
HJ_rOClY2RPrdervYopKmQ,Santa Barbara,CA
0m0SQSIzM9WcDhJ7UEVCLQ,Santa Barbara,CA
bd0ew6pTvlP4f5KRfWK5jw,Santa Barbara,CA
NAWO3P0rl396h0kdRXwuFA,Santa Barbara,CA
YrNtBUOUOYwmRZ_UVwH8iQ,Santa Barbara,CA
r5sQtvsO4OVJgEH5H3uEAg,Santa Barbara,CA
XaClpgO7KFKZSuqBzXDcwA,Santa Barbara,CA
GRqPFmstPY7k8EBxEJ8i4w,Santa Barbara,CA
TCWnTa69sJ3vGQsdEe3Esw,Santa Barbara,CA
7wSnkgOORRCqVDa_n8Upxg,Santa Barbara,CA
oGDGlUbOjHxmmCh8ZYcDCg,Santa Barbara,CA
mdI-2l7dlqcODbVNIWEQBQ,Santa Barbara,CA
efySo0N7XEp4IeefjX8Muw,Santa Barbara,CA
pUeTnGsnVi-H8RJ6prFFgw,Santa Barbara,CA
FrxcwylzrO-ZnzxtiyUdDg,Santa Barbara,CA
kBqyg_L_Xn9jQTCHYODbRg,Santa Barbara,CA
8_r9EZL6vX5fPBoVh3gUrA,Santa Barbara,CA
ut45DX7-QaOWLzYRlBSbGA,Santa Barbara,CA
v4lz71o76wWD8H15NsbZGA,Santa Barbara,CA
Y57sylYCgq2VQJuBCnjPfA,Santa Barbara,CA
XgehM3pBZWuXi45J2dqRJQ,Santa Barbara,CA
WC53Z0z4g1wauYe3xnhSGQ,Santa Barbara,CA
fqStx0SvwMFChX_HIdUeEQ,Santa Barbara,CA
DEmAmcR4xNilT5WY5ImEFA,Santa Barbara,CA
WrU1ZYN4jlYcL5mvJrQsCQ,Santa Barbara,CA
bf32KWp9yvN-WT8c-QtbzA,Santa Barbara,CA
04Ss49U_QKYLotcJMAH8cA,Santa Barbara,CA
LuPK46HMxRYEVTXVbBCR1g,Santa Barbara,CA
spm1KEE-5jAJVTE0ldpzFA,Santa Barbara,CA
w9fhhGNDCSub7WiQqcixeg,Santa Barbara,CA
3GcXSZQ65Np5N1N4a-DK_w,Santa Barbara,CA
QcMPEiTXY2wS5dKZdzIW0w,Santa Barbara,CA
gLNf3zUydIKc_cvUll-6gw,Santa Barbara,CA
5p_14QRkLFd6QyhpPzfW3A,Santa Barbara,CA
HOXbILWYZJkNUYYzYK_tZA,Santa Barbara,CA
FNT8JRNUh841qOvKhCC1NQ,Santa Barbara,CA
xKTf7byzX_zZjMsF2ZcXfw,Santa Barbara,CA
7yR4oQcapZBKCkRLB3Isig,Santa Barbara,CA
wb6rAxDPWP_5AAl3CKCM1w,Santa Barbara,CA
yPSejq3_erxo9zdVYTBnZA,Santa Barbara,CA
EoLzj1yciIjEZS9ZEJe_kQ,Santa Barbara,CA
1NkWcNHFxi2YaV5yjUlJUQ,Santa Barbara,CA
5Z3uvoIoOFUzTmrBmIJv2g,Santa Barbara,CA
j6F0mMGgp4THEAzhylPrGQ,Santa Barbara,CA
nB0dV8yPv29F3-CFMPG8cw,Santa Barbara,CA
LwCcNUqX-BEMBd6Xj-JlvA,Santa Barbara,CA
sHpxBos5-7GNkaMDZ3fnGA,Santa Barbara,CA
8QvcM8Nvwite-DOgdYllOw,Santa Barbara,CA
UuRZpgZsHX7PyykHV3wbZg,Santa Barbara,CA
NDwoKO79_T49UEKVDlHd3A,Santa Barbara,CA
7tO1ZfWN6OEo1pWtdgxfqA,Santa Barbara,CA
Id8LiSdQ9FbHzwxxUHwGjw,Santa Barbara,CA
AXC__4yZrn-N3BT7-2bV_Q,Santa Barbara,CA
011vcXzrmB86rXoVwCJiJw,Santa Barbara,CA
mYofSuxrIrPS2Gjsu-ZI4w,Santa Barbara,CA
mwsA08gpaEALG3C1ZI4ktw,Santa Barbara,CA
mQ9CsjWobwak1PMvZTSPQg,Santa Barbara,CA
wxdpQV7CZHn6_DFr-JGUgw,Santa Barbara,CA
kbWKwvLXfJm5sLVfw-Foww,Santa Barbara,CA
edDmC1Zcr5SVczbKBfiXqw,Santa Barbara,CA
eHRzuUXA2jrR99ecioWU4g,Santa Barbara,CA
wWbfjQJ_y4m68pwPAUmCqw,Santa Barbara,CA
jh40gx3wcYX0NL_i2Dip-A,Santa Barbara,CA
2YnQAJdeFrcgPa8MqIYcDg,Santa Barbara,CA
uwVKlJUxamf9NsDt0L1RuA,Santa Barbara,CA
WUGRmrfSzQCyeG6mYAM-vw,Santa Barbara,CA
_ecVi-tVoaKHKYxNkxFj7w,Santa Barbara,CA
Ji3XN5gL1aBlbhtFEGpMFA,Santa Barbara,CA
8Lbz0hfE4MWzd7yDu9atBA,Santa Barbara,CA
Tw5tderBUFzj7fRLVZm2Bg,Santa Barbara,CA
u9oG6CVhS9dJR5ZHS5q23A,Santa Barbara,CA
5t5fKwgnfaT-ScmfTcxwHg,Santa Barbara,CA
KIpghikMrBbxx75tx_ZJUw,Santa Barbara,CA
k1XGvBoPAXdPoGC2W-f2aA,Santa Barbara,CA
B_q2xoAgTyn6U4YNEc3kSw,Santa Barbara,CA
5uS6ae15iFVUN3OdEiMJnw,Santa Barbara,CA
Dr2tI5lPLiXQrE0iZRim9A,Santa Barbara,CA
M9kbUs_xPc9HnU-O6qZX1g,Santa Barbara,CA
w79qtK0PpeDWrnY7E-uTRg,Santa Barbara,CA
UQZe-qWOpGiyEPsTUko5Rg,Santa Barbara,CA
nx01nL2of3ngBwA6XZYqEg,Santa Barbara,CA
i5C6RVgr03HSrgCl8oa1Fg,Santa Barbara,CA
E451ihy72tsLMAxbpPa0WQ,Santa Barbara,CA
lXgITG2Ji6mhAPOmw4TRng,Santa Barbara,CA
EwaakynaS06R64xY8xM57g,Santa Barbara,CA
Ss6f5v_t5Vddiaz4ZOxL0g,Santa Barbara,CA
3fH5YQKRJu55TFPnMhv1ZQ,Santa Barbara,CA
zWwGjQlUEiLS7hCXDkBGzg,Santa Barbara,CA
-BdYhP-12elmFV7oB1iv4A,Santa Barbara,CA
vDBfhX1XI4uRWBCQQNRsUg,Santa Barbara,CA
ty7akyarO89CLNFjArzLMQ,Santa Barbara,CA
WH6JNvJryAn6tTYVrKHktA,Santa Barbara,CA
agXGQ4DH4SqxtJxBHKjWIg,Santa Barbara,CA
ws0mjFrkanX_sXoUVRh8Uw,Santa Barbara,CA
uGT2BZKB3t8Fi6vFTyM7zg,Santa Barbara,CA
Gl3XO4ECKKli8-bKKdkkYA,Santa Barbara,CA
TI3Rydw47yBMzY1oW2wJUg,Santa Barbara,CA
v5M6gYtiaGG5zuvAVSxNTA,Santa Barbara,CA
l6rgXoUfz4Wh_lAGxDiNaA,Santa Barbara,CA
iQ_JNYzwvhSsToR4EHl4cA,Santa Barbara,CA
YgbIbmfDlB-bZSsjuIfKwA,Santa Barbara,CA
VrQUskWkEnvKyyz_OkJZEg,Santa Barbara,CA
QBNATcq7Stx9LxcSq16W7w,Santa Barbara,CA
MJI-bNIn3QDgiGggm9Wp1w,Santa Barbara,CA
Kthnb7PjDSd7FsBp4wqoHA,Santa Barbara,CA
4D7QDfPOsSPfKxBi3gs_qQ,Santa Barbara,CA
BensdYRuR-zra1g3nBJFXQ,Santa Barbara,CA
QNoFrASBpqW8dzdAEIYjNQ,Santa Barbara,CA
5TCv4LXYmYCRT_yDEPXIpw,Santa Barbara,CA
R6NxHoRRK5Y4ishGsLrGwA,Santa Barbara,CA
uozdxwCZUHPubziu76Y2Ag,Santa Barbara,CA
NDXzpmyFOplbH14fTqqn5Q,Santa Barbara,CA
JiBxL733qjm8WAddu-RzDQ,Santa Barbara,CA
kpP2NhrCEabTWk9kfZdLbw,Santa Barbara,CA
Y0izXh4Dv1_YU68tn43Xiw,Santa Barbara,CA
l-rGtJt0E7PAklT0IK7oFQ,Santa Barbara,CA
qZb4ltF4lJxmzCm7IK_E1w,Santa Barbara,CA
EA4v61tJCHg8xhk7bqn8Yw,Santa Barbara,CA
YnC3GioeL6aVCFD3ut2hYw,Santa Barbara,CA
xGaYXbXGwagUKPNEaVqbWw,Santa Barbara,CA
alzPS7bo3yp3yystK62g2g,Santa Barbara,CA
B1yPXzIIJrLWyTcE4jsYuQ,Santa Barbara,CA
0CHIbqSkGWBr2KMkIUocEA,Santa Barbara,CA
skY6r8WAkYqpV7_TxNm23w,Santa Barbara,CA
eA1-vRvk8eDf-nH9Ux_G_A,Santa Barbara,CA
0WrdiQ4qJBu2Gc7wRcIfdw,Santa Barbara,CA
RXA9eUawmrYkToXhjKHyIQ,Santa Barbara,CA
gjCxTVItFxk46rCZ-YaiFA,Santa Barbara,CA
wMZAnrfwV-qHiV5zdTSrzw,Santa Barbara,CA
fiQxkb1pfPpvrr0oYYYBcA,Santa Barbara,CA
ml-pKRhC6dHmRTnOVB6wbQ,Santa Barbara,CA
KU4zXPo6v8c3N_l14wivQA,Santa Barbara,CA
TYVln68leW7BYuVksFyB5A,Santa Barbara,CA
BErYojCJSO959vzaz9JclQ,Santa Barbara,CA
9mFXgiTMa-mdaqmxA41t6A,Santa Barbara,CA
xRapA2lG7mjJ6eOqHmxe-A,Santa Barbara,CA
YiSr-W5BBX6uXnhWPxk82Q,Santa Barbara,CA
54oLdsGU9B8HxFTqCCqV-A,Santa Barbara,CA
r8tU21scBflMxWiBESPtRQ,Santa Barbara,CA
RjOnk_W82F2brYtpDZ59MA,Santa Barbara,CA
5YKOs_VGFHgUv7DSMLaQeA,Santa Barbara,CA
3tvi-OJ_-iK1ecjzSaH-oA,Santa Barbara,CA
nhOMsw22-rz9kXSKwBZYAQ,Santa Barbara,CA
q2Ao2HQyhvcT9UG-5-ZGYg,Santa Barbara,CA
gUvG-W-02lg5M1RY6n8bkA,Santa Barbara,CA
fApb6LKfOdy5u7MP0hsHKg,Santa Barbara,CA
tzR6CHZNmnXzADX-SoM2sQ,Santa Barbara,CA
OFfJsY9KeOyelk46m_jzzw,Santa Barbara,CA
9dYarThtZVX4PvmtnFIrxA,Santa Barbara,CA
PtaFDKkhxSjcXz6dVM0uLw,Santa Barbara,CA
PgtqA056auCp5EbcZMbXPQ,Santa Barbara,CA
_urnEsYdKg1wt057-8yA9Q,Santa Barbara,CA
aZF_j037W3AhvKKbXGdIQw,Santa Barbara,CA
cyaDjqjhtRbpd5Og5dFoZg,Santa Barbara,CA
Gj6qT1khVT0h0gHGuKeHxQ,Santa Barbara,CA
tiSIiacOzflrMMwJEXVFIA,Santa Barbara,CA
2GiqDUNiTt5__ixRbzbqFw,Santa Barbara,CA
6m4A_ciUZn1G302yx1YV1w,Santa Barbara,CA
2CqQ3Tnvj7h0rw84WEEjMw,Santa Barbara,CA
eanjvgtX8b-m_zgkO0YBDg,Santa Barbara,CA
kcL3D2xK9_1Uyj8zRZMyvQ,Santa Barbara,CA
c12V0ARL6jmrmge1ZPf9WA,Santa Barbara,CA
dkknmgSHWyVaahT8u4ikZw,Santa Barbara,CA
KSYONgGtrK0nKXfroB-bwg,Santa Barbara,CA
Qfb1ZgV43eHTZeR4x5fAUA,Santa Barbara,CA
GuzbBFraIq-fbkjfvaTRvg,Santa Barbara,CA
ODvaMIpjD6bHiwQ9-kmECw,Santa Barbara,CA
cmm6BmxVPcwcAOC9gQxT0g,Santa Barbara,CA
B3dzK9OqrT_sN0FNQs_OgQ,Santa Barbara,CA
9_uigKs9GCwg9dFKkq_Kfg,Santa Barbara,CA
vyNMRa4U9gnrCzqR707GZA,Santa Barbara,CA
q-1ICFSqs2MwDGfe5tX-SQ,Santa Barbara,CA
ezecrJKXHg4MgKVMHeAJ1g,Santa Barbara,CA
yM7eA2uuH3Ch7OYVj3PKSw,Santa Barbara,CA
CF1Gj1KGL13QcDkUwOvS3g,Santa Barbara,CA
WsPUYM-M3Xy5qVbfTkXNFg,Santa Barbara,CA
wAPXYljzn9YDTvQqqL54pw,Santa Barbara,CA
lbHEB5BIm-3GfpvdzSwFLw,Santa Barbara,CA
-nwNPb3G-0L95igrhkvMtw,Santa Barbara,CA
PsO9LleYQJlFc_r-DJxVzg,Santa Barbara,CA
hlb7WwqcCijqqbp8zye1dw,Santa Barbara,CA
J52h9uXJgEKyIz0iq8S0Xw,Santa Barbara,CA
QLHgjBHBoeIUoEvIPvjHnw,Santa Barbara,CA
Qkg16mN-8QR66gjzg6gMyw,Santa Barbara,CA
T_TX4Lx03Juo4pHF5cMYuA,Santa Barbara,CA
fVUurZgbWXzp2QzDzJzmpA,Santa Barbara,CA
vyOVT4bcW227LRwJGHTeSw,Santa Barbara,CA
HKHz6u48Qgftwk_VRkLqSA,Santa Barbara,CA
r2IhvKZQ_wLR5mLBnPOilg,Santa Barbara,CA
U1Gc3wKN5viu_e68KJVOdQ,Santa Barbara,CA
Qsoq2TGOe59LZy7z6KbQjA,Santa Barbara,CA
hDr_bt6MEwlGvGCCKzyzhg,Santa Barbara,CA
HrnSaz2f1WUEoAQQ6iD6gw,Santa Barbara,CA
Hlx8S2GLF7hMuIKx4sU-gg,Santa Barbara,CA
bVaRZDHkWdsHuARGxxpREw,Santa Barbara,CA
XPkkWyAkkPeH-PqXmBMmpg,Santa Barbara,CA
TnN6TVmwCdfYccb10lCwSg,Santa Barbara,CA
eneANX6b3SuFqxvRIb4yeg,Santa Barbara,CA
izSgTrqebu8bN8ONOCs6cQ,Santa Barbara,CA
IRBhPAC4ZoDpXazpoB3epQ,Santa Barbara,CA
TSwMwVq5GtQh5LW2t32uGA,Santa Barbara,CA
Bo-GGwQNcLVwyKeYkbfAYg,Santa Barbara,CA
uriD7RFuHhLJeDdKaf0nFA,Santa Barbara,CA
